:020000040800F2
:1000000000500020A9260008C1240008C9240008C7
:10001000D1240008D9240008E124000800000000D1
:10002000000000000000000000000000E9240008BB
:10003000F524000800000000012500080D25000837
:10004000F1260008F1260008F1260008F126000834
:10005000F1260008F1260008F1260008F126000824
:10006000F1260008F1260008F1260008F126000814
:10007000F1260008F1260008F1260008F126000804
:10008000F1260008F1260008F1260008F1260008F4
:10009000F1260008F1260008F1260008F1260008E4
:1000A000F1260008F1260008F1260008F1260008D4
:1000B000F1260008F1260008F1260008F1260008C4
:1000C000F1260008F1260008F1260008F1260008B4
:1000D000F1260008F1260008F1260008F1260008A4
:1000E000F1260008F1260008F126000800000000B3
:1000F0000000000000000000000000000000000000
:0C01000000000000000000005FF808F1A3
:1001100010B5054C237833B9044B13B10448AFF341
:1001200000800123237010BDD801002000000000D2
:10013000309E000808B5034B1BB103490348AFF3D9
:10014000008008BD00000000DC010020309E000897
:10015000034613F8012B002AFBD1181A0138704707
:1001600081F0004102E000BF83F0004330B54FEA68
:1001700041044FEA430594EA050F08BF90EA020FD5
:100180001FBF54EA000C55EA020C7FEA645C7FEA68
:10019000655C00F0E2804FEA5454D4EB5555B8BF8B
:1001A0006D420CDD2C4480EA020281EA030382EAFC
:1001B000000083EA010180EA020281EA0303362D8E
:1001C00088BF30BD11F0004F4FEA01314FF4801C61
:1001D0004CEA113102D0404261EB410113F0004F73
:1001E0004FEA03334CEA133302D0524263EB43032A
:1001F00094EA050F00F0A780A4F10104D5F1200EC8
:100200000DDB02FA0EFC22FA05F2801841F1000122
:1002100003FA0EF2801843FA05F359410EE0A5F1F6
:1002200020050EF1200E012A03FA0EFC28BF4CF027
:10023000020C43FA05F3C01851EBE37101F00045DD
:1002400007D54FF0000EDCF1000C7EEB00006EEBEA
:100250000101B1F5801F1BD3B1F5001F0CD3490874
:100260005FEA30004FEA3C0C04F101044FEA4452CB
:1002700012F5800F80F09A80BCF1004F08BF5FEA52
:10028000500C50F1000041EB045141EA050130BD32
:100290005FEA4C0C404141EB0101013C28BFB1F544
:1002A000801FE9D291F0000F04BF01460020B1FA8F
:1002B00081F308BF2033A3F10B03B3F120020CDA62
:1002C0000C3208DD02F1140CC2F10C0201FA0CF040
:1002D00021FA02F10CE002F11402D8BFC2F1200CA5
:1002E00001FA02F120FA0CFCDCBF41EA0C0190405B
:1002F000E41AA2BF01EB0451294330BD6FEA0404A4
:100300001F3C1CDA0C340EDC04F11404C4F120028E
:1003100020FA04F001FA02F340EA030021FA04F3A0
:1003200045EA030130BDC4F10C04C4F1200220FAF7
:1003300002F001FA04F340EA0300294630BD21FA35
:1003400004F0294630BD94F0000F83F4801306BFFB
:1003500081F480110134013D4EE77FEA645C18BFEF
:100360007FEA655C29D094EA050F08BF90EA020F86
:1003700005D054EA000C04BF1946104630BD91EA7E
:10038000030F1EBF0021002030BD5FEA545C05D181
:100390004000494128BF41F0004130BD14F58004C0
:1003A0003CBF01F5801130BD01F0004545F0FE4134
:1003B00041F470014FF0000030BD7FEA645C1ABF69
:1003C000194610467FEA655C1CBF0B46024650EAA0
:1003D000013406BF52EA033591EA030F41F40021CC
:1003E00030BD00BF90F0000F04BF0021704730B552
:1003F0004FF4806404F132044FF000054FF0000127
:1004000050E700BF90F0000F04BF0021704730B5E7
:100410004FF4806404F1320410F0004548BF4042BC
:100420004FF000013EE700BF42004FEAE2014FEA11
:1004300031014FEA02701FBF12F07F4393F07F4FEC
:1004400081F06051704732F07F4208BF704793F0EF
:100450007F4F04BF41F40021704730B54FF4607402
:1004600001F0004521F000411CE700BF50EA010205
:1004700008BF704730B54FF000050AE050EA0102AE
:1004800008BF704730B511F0004502D5404261EB1E
:1004900041014FF4806404F132045FEA915C3FF45F
:1004A000D8AE4FF003025FEADC0C18BF03325FEAFC
:1004B000DC0C18BF033202EBDC02C2F1200300FAAD
:1004C00003FC20FA02F001FA03FE40EA0E0021FAD2
:1004D00002F11444BDE600BF70B54FF0FF0C4CF4C0
:1004E000E06C1CEA11541DBF1CEA135594EA0C0F72
:1004F00095EA0C0F00F0DEF82C4481EA030621EAAD
:100500004C5123EA4C5350EA013518BF52EA0335E7
:1005100041F4801143F4801338D0A0FB02CE4FF099
:100520000005E1FB02E506F00042E0FB03E54FF0C9
:100530000006E1FB03569CF0000F18BF4EF0010EC1
:10054000A4F1FF04B6F5007F64F5407404D25FEABD
:100550004E0E6D4146EB060642EAC62141EA555170
:100560004FEAC52040EA5E504FEACE2EB4F1FD0CB2
:1005700088BFBCF5E06F1ED8BEF1004F08BF5FEA30
:10058000500E50F1000041EB045170BD06F00046E2
:1005900046EA010140EA020081EA0301B4EB5C048F
:1005A000C2BFD4EB0C0541EA045170BD41F4801187
:1005B0004FF0000E013C00F3AB8014F1360FDEBFAC
:1005C000002001F0004170BDC4F10004203C35DA88
:1005D0000C341BDC04F11404C4F1200500FA05F30B
:1005E00020FA04F001FA05F240EA020001F00042AC
:1005F00021F0004110EBD37021FA04F642EB060122
:100600005EEA430E08BF20EAD37070BDC4F10C044B
:10061000C4F1200500FA04F320FA05F001FA04F20F
:1006200040EA020001F0004110EBD37041F10001FB
:100630005EEA430E08BF20EAD37070BDC4F1200506
:1006400000FA05F24EEA020E20FA04F301FA05F26E
:1006500043EA020321FA04F001F0004121FA04F216
:1006600020EA020000EBD3705EEA430E08BF20EAE6
:10067000D37070BD94F0000F0FD101F00046400020
:1006800041EB010111F4801F08BF013CF7D041EAA2
:10069000060195F0000F18BF704703F000465200A6
:1006A00043EB030313F4801F08BF013DF7D043EA77
:1006B0000603704794EA0C0F0CEA135518BF95EA2D
:1006C0000C0F0CD050EA410618BF52EA4306D1D1B4
:1006D00081EA030101F000414FF0000070BD50EAD3
:1006E000410606BF1046194652EA430619D094EA5D
:1006F0000C0F02D150EA013613D195EA0C0F05D147
:1007000052EA03361CBF104619460AD181EA03019A
:1007100001F0004141F0FE4141F470014FF0000052
:1007200070BD41F0FE4141F4780170BD70B54FF0ED
:10073000FF0C4CF4E06C1CEA11541DBF1CEA13556D
:1007400094EA0C0F95EA0C0F00F0A7F8A4EB05044F
:1007500081EA030E52EA03354FEA013100F0888046
:100760004FEA03334FF0805545EA131343EA12630F
:100770004FEA022245EA111545EA10654FEA0026C4
:100780000EF000419D4208BF964244F1FD0404F57D
:10079000407402D25B084FEA3202B61A65EB0305D9
:1007A0005B084FEA32024FF480104FF4002CB6EB96
:1007B000020E75EB030E22BFB61A754640EA0C0016
:1007C0005B084FEA3202B6EB020E75EB030E22BF56
:1007D000B61A754640EA5C005B084FEA3202B6EB97
:1007E000020E75EB030E22BFB61A754640EA9C0056
:1007F0005B084FEA3202B6EB020E75EB030E22BF26
:10080000B61A754640EADC0055EA060E18D04FEAE3
:10081000051545EA16754FEA06164FEAC30343EA83
:1008200052734FEAC2025FEA1C1CC0D111F4801F50
:100830000BD141EA00014FF000004FF0004CB6E749
:1008400011F4801F04BF01430020B4F1FD0C88BFE8
:10085000BCF5E06F3FF6AFAEB5EB030C04BFB6EBF3
:10086000020C5FEA500C50F1000041EB045170BDE6
:100870000EF0004E4EEA113114EB5C04C2BFD4EB13
:100880000C0541EA045170BD41F480114FF0000E97
:10089000013C90E645EA060E8DE60CEA135594EA13
:1008A0000C0F08BF95EA0C0F3FF43BAF94EA0C0F16
:1008B0000AD150EA01347FF434AF95EA0C0F7FF48B
:1008C00025AF104619462CE795EA0C0F06D152EADF
:1008D00003353FF4FDAE1046194622E750EA4106C3
:1008E00018BF52EA43067FF4C5AE50EA41047FF4D4
:1008F0000DAF52EA43057FF4EBAE12E74FF0FF3C39
:1009000006E000BF4FF0010C02E000BF4FF0010C09
:100910004DF804CD4FEA410C7FEA6C5C4FEA430C82
:1009200018BF7FEA6C5C1BD001B050EA410C0CBFD1
:1009300052EA430C91EA030F02BF90EA020F002033
:10094000704710F1000F91EA030F58BF994208BF9A
:1009500090422CBFD8176FEAE37040F00100704757
:100960004FEA410C7FEA6C5C02D150EA013C07D1AE
:100970004FEA430C7FEA6C5CD6D152EA033CD3D0F9
:100980005DF8040B704700BF8446104662468C46F3
:100990001946634600E000BF01B5FFF7B7FF002826
:1009A00048BF10F1000F01BD4DF808EDFFF7F4FF4F
:1009B0000CBF012000205DF808FB00BF4DF808EDDA
:1009C000FFF7EAFF34BF012000205DF808FB00BFFD
:1009D0004DF808EDFFF7E0FF94BF012000205DF81F
:1009E00008FB00BF4DF808EDFFF7CEFF94BF0120D4
:1009F00000205DF808FB00BF4DF808EDFFF7C4FFCD
:100A000034BF012000205DF808FB00BF4FEA410C15
:100A10007FEA6C5C02D150EA013C0AD14FEA430CF8
:100A20007FEA6C5C02D152EA033C02D14FF0000035
:100A300070474FF0010070474FEA410212F5001273
:100A400015D211D56FF47873B3EB625212D94FEA15
:100A5000C12343F0004343EA505311F0004F23FAFF
:100A600002F018BF404270474FF00000704750EA54
:100A7000013005D111F0004008BF6FF00040704711
:100A80004FF00000704700BF4A0011D212F500126B
:100A900011D20DD56FF47873B3EB62520ED44FEAD6
:100AA000C12343F0004343EA505323FA02F0704756
:100AB0004FF00000704750EA013002D14FF0FF3094
:100AC00070474FF0000070474FEA4102B2F1E04337
:100AD00024BFB3F5001CDCF1FE5C0DD901F0004C25
:100AE0004FEAC0024CEA5070B2F1004F40EB830075
:100AF00008BF20F00100704711F0804F21D113F1A1
:100B00003872BCBF01F00040704741F480114FEAD9
:100B10005252C2F11802C2F1200C10FA0CF320FA62
:100B200002F018BF40F001004FEAC1234FEAD3237F
:100B300003FA0CFC40EA0C0023FA02F34FEA4303E9
:100B4000CCE77FEA625307D150EA01331EBF4FF072
:100B5000FE4040F44000704701F0004040F0FE408D
:100B600040F40000704700BF80F0004002E000BF8A
:100B700081F0004142001FBF5FEA410392EA030F88
:100B80007FEA226C7FEA236C6AD04FEA1262D2EBD2
:100B90001363C1BFD218414048404140B8BF5B42D7
:100BA000192B88BF704710F0004F40F4000020F070
:100BB0007F4018BF404211F0004F41F4000121F086
:100BC0007F4118BF494292EA030F3FD0A2F10102D0
:100BD00041FA03FC10EB0C00C3F1200301FA03F10E
:100BE00000F0004302D5494260EB4000B0F5000F31
:100BF00013D3B0F1807F06D340084FEA310102F1F0
:100C00000102FE2A51D2B1F1004F40EBC25008BFA1
:100C100020F0010040EA03007047490040EB00006B
:100C2000013A28BFB0F5000FEDD2B0FA80FCACF16C
:100C3000080CB2EB0C0200FA0CF0AABF00EBC25099
:100C400052421843BCBFD0401843704792F0000F87
:100C500081F4000106BF80F400000132013BB5E7DA
:100C60004FEA41037FEA226C18BF7FEA236C21D050
:100C700092EA030F04D092F0000F08BF08467047B5
:100C800090EA010F1CBF0020704712F07F4F04D183
:100C9000400028BF40F00040704712F100723CBF96
:100CA00000F50000704700F0004343F0FE4040F4C0
:100CB000000070477FEA226216BF08467FEA23637E
:100CC0000146420206BF5FEA412390EA010F40F469
:100CD000800070474FF0000304E000BF10F00043B5
:100CE00048BF40425FEA000C08BF704743F096439C
:100CF00001464FF000001CE050EA010208BF7047B7
:100D00004FF000030AE000BF50EA010208BF70473D
:100D100011F0004302D5404261EB41015FEA010C52
:100D200002BF84460146002043F0B64308BFA3F14A
:100D30008053A3F50003BCFA8CF2083AA3EBC2532C
:100D400010DB01FA02FC634400FA02FCC2F120024B
:100D5000BCF1004F20FA02F243EB020008BF20F082
:100D60000100704702F1200201FA02FCC2F12002E8
:100D700050EA4C0021FA02F243EB020008BF20EADD
:100D8000DC7070474FEA4002B2F1FE4F0FD34FF0D4
:100D90009E03B3EB12620DD94FEA002343F00043E8
:100DA00010F0004F23FA02F018BF404270474FF096
:100DB0000000704712F1610F01D1420205D110F01D
:100DC000004008BF6FF0004070474FF000007047D0
:100DD00053B94AB9002908BF00281CBF4FF0FF31A2
:100DE0004FF0FF3000F0C2B9ADF1080C6DE904CE50
:100DF00000F03CF8DDF804E0DDE9022304B07047C0
:100E000038B50022002304460D46FFF7D7FD28B968
:100E100020462946BDE8384000F00AB8204605F1D2
:100E2000004100F005F8404261EB410138BD00BFD0
:100E3000D0B500220B4B06460F46FFF74DFBFFF7E0
:100E400023FE0446FFF7CEFA0022074BFFF744FBD0
:100E500002460B4630463946FFF786F9FFF714FE87
:100E60002146D0BD0000F03D0000F0412DE9F047E3
:100E7000089D8E4604468846002B4AD18A42174672
:100E800062D9B2FA82F64EB1C6F1200301FA06F831
:100E900020FA03F3B74043EA0808B4404FEA174E7C
:100EA000B8FBFEF11FFA87FC0EFB118801FB0CF268
:100EB000230C43EA08439A4209D9FB1801F1FF3099
:100EC00080F0EB809A4240F2E88002393B449A1A63
:100ED000B2FBFEF00EFB102200FB0CFCA3B243EAB7
:100EE00002439C4509D9FB1800F1FF3280F0D780FE
:100EF0009C4540F2D4803B44023840EA0140002146
:100F0000A3EB0C031DB10022F340C5E90032BDE89C
:100F1000F0878B4205D90DB1C5E9000100210846D3
:100F2000F5E7B3FA83F1002946D1734502D3824233
:100F300000F20881841A6EEB030201209046002D16
:100F4000E5D0C5E90048E2E7002A00F09180B2FA56
:100F500082F6002E40F0A5808A1A0121030C4FEA88
:100F6000174E80B2BCB2B2FBFEFC0EFB1C2243EA61
:100F7000024304FB0CF29A4207D9FB180CF1FF382C
:100F800002D29A4200F2E380C4469B1AB3FBFEF2FF
:100F90000EFB123302FB04F440EA03439C4207D9E0
:100FA000FB1802F1FF3002D29C4200F2CD800246D3
:100FB0001B1B42EA0C40A5E7C1F120068B4022FA38
:100FC00006F71F432EFA06FA4FEA1749BAFBF9F85B
:100FD0000EFA01FE20FA06F309FB18AA1FFA87FC95
:100FE00043EA0E0300FA01FE08FB0CF01C0C44EA75
:100FF0000A44A04202FA01F20AD93C1908F1FF3A68
:1010000080F09E80A04240F29B80A8F102083C4400
:10101000241A98B2B4FBF9F309FB134403FB0CFC4C
:1010200040EA0444A44509D93C1903F1FF3080F09B
:101030008580A44540F28280023B3C4443EA08405C
:10104000A4EB0C04A0FB028C64454346E14664D348
:1010500061D05DB1BEEB030264EB090404FA06F64D
:1010600022FA01F31E43CC40C5E9006400214EE79B
:10107000B1FBF2FC010C41EA0E4180B240EA0142B0
:101080003B46B1FBF7F138463C46B846BE46202603
:10109000A2EB080241EA0C4165E7014617E710465A
:1010A0002BE7C6F120012EFA01FCB7400EFA06FE2E
:1010B00020FA01F141EA0E014FEA174EBCFBFEF89F
:1010C000BCB20EFB18CC08FB04F90A0C42EA0C4235
:1010D000B04091454FEA104380B23ED9BA1808F1AA
:1010E000FF3C01D291451FD8A2EB0902B2FBFEF9E9
:1010F00009FB04F80EFB192A8AB242EA0A42424569
:1011000029D2BA1809F1FF31C2D24245C0D2A9F1A1
:1011100002013A44BCE7C6459BD2B8EB02036CEB34
:10112000070C0138E14694E7A7EB09094A44B2FBF2
:10113000FEF9A8F1020C09FB04F8DBE703467DE7A2
:10114000D04665E70846FAE63B44023A30E7ACF1A0
:10115000020C3B4419E749469AE7A2EB0902B2FBAD
:10116000FEF9C44609FB04F8C4E700BF704700BF9E
:1011700080B584B000AF78600B46FB707B681B685D
:10118000FA781146184600F0AAFB7B681B681846DF
:1011900000F0C5FB0346FB737B681B680121184602
:1011A00000F062FBFB7B18461037BD4680BD80B562
:1011B00082B000AF78600B46FB701346BB707B6853
:1011C0001B680021184600F04FFB7B681A68FB780B
:1011D00063F07F03DBB21946104600F080FB7B68AA
:1011E0001B68BA781146184600F079FB7B681B68CB
:1011F0000121184600F038FB00BF0837BD4680BD0E
:1012000090B587B000AFF8607A601A460B46FB7263
:101210001346BB72BB7A012B27D9FB681B680021E0
:10122000184600F021FBFB681B68FA7A1146184645
:1012300000F055FB0023FB750CE0FB681968FB7D93
:101240007A68D418084600F06AFB03462370FB7DD9
:101250000133FB75FA7DBB7A9A42EED3FB681B68BB
:101260000121184600F000FB00E000BF1C37BD461E
:1012700090BD80B586B000AFF8607A601A460B4624
:10128000FB721346BB72BB7A012B29D9FB681B6822
:101290000021184600F0E8FAFB681A68FB7A63F050
:1012A0007F03DBB21946104600F019FB0023FB75E3
:1012B0000BE0FB681868FB7D7A6813441B781946BD
:1012C00000F00DFBFB7D0133FB75FA7DBB7A9A4282
:1012D000EFD3FB681B680121184600F0C5FA00E057
:1012E00000BF1837BD4680BD80B586B000AF7860BE
:1012F000786800F00DF90F2000F037FB786800F0F7
:1013000017F97B68D3E902234FF000004FF000018A
:10131000D90441EA5231D0046F4A4FF00003FFF77D
:1013200057FD02460B46C7E90423D7E904014FF0F5
:1013300000024FF00003020C42EA01420B0CD3B250
:101340003B73D7E904014FF000024FF00003020A9B
:1013500042EA01620B0AD3B27B733B7CBB7307F199
:101360000C02032306217868FFF783FF342239211A
:101370007868FFF71CFF7B681B7C1A46574B9B5C09
:101380001A4609217868FFF712FF0B220B217868B3
:10139000FFF70DFF23220C217868FFF708FF7B6819
:1013A0005B7C1A464E4B9B5C062B47D17B689B7C33
:1013B0001A464C4B9B5C1B01DAB27B68DB7C1946FE
:1013C000494B5B5C5B00DBB21344DBB20133DBB245
:1013D0001A461D217868FFF7EAFE7B685B7C1A4697
:1013E0003F4B9B5C1B01DAB27B681B7D19463F4B70
:1013F0005B5C9B00DBB21344DBB20333DBB21A4607
:101400001E217868FFF7D3FE31217868FFF7B0FE20
:101410000346FB73FB7B23F00703FB73FB7B43F06B
:101420000503FB73FB7B1A4631217868FFF7BFFE8B
:101430000C2237217868FFF7BAFE29E07B689B7C95
:101440001A46284B9B5C1B01DAB27B68DB7C194691
:10145000254B5B5C5B00DBB21344DBB21A461D21FB
:101460007868FFF7A4FE7B685B7C1A461C4B9B5C8C
:101470001B01DAB27B681B7D19461C4B5B5C9B0031
:10148000DBB21344DBB21A461E217868FFF78FFEE9
:10149000042226217868FFF78AFE08221F21786837
:1014A000FFF785FE002220217868FFF780FE0822E2
:1014B00021217868FFF77BFE012241217868FFF740
:1014C00076FE7B68002283F81721786800F010F818
:1014D00000BF1837BD4680BD0048E801B49E000833
:1014E000B89E0008C09E0008CC9E0008D09E000850
:1014F00080B582B000AF7860092201217868FFF7DB
:1015000056FE7B6801229A7500BF0837BD4680BD34
:1015100080B582B000AF7860082201217868FFF7BB
:1015200046FE7B6800229A7500BF0837BD4680BD25
:1015300080B582B000AF7860882201217868FFF71B
:1015400036FE00BF0837BD4680BD80B582B000AF13
:101550007860FF2212217868FFF729FE00BF083764
:10156000BD4680BD80B586B000AFF8600B467A609E
:10157000FB72FB68FA7A5A75F868FFF7B5FE8422A9
:101580004D21F868FFF713FEFF222421F868FFF7CA
:101590000EFE01224021F868FFF709FE3F221121CB
:1015A000F868FFF704FEF868FFF7CFFFFB7A1A46EA
:1015B0002221F868FFF7FBFD0F21F868FFF7D8FD3F
:1015C0000346FB75FB7D1A460D21F868FFF7EFFD1A
:1015D0008D220121F868FFF7EAFDFB68002283F8FD
:1015E00017211821F868FFF7C3FD034603F0040331
:1015F000042B04D1FB6803229A75012313E07B6856
:10160000013B7B607B68002B09D1FB681B68184697
:1016100000F041F9F868FFF767FE002303E00120BE
:1016200000F0A3F9DDE718461837BD4680BD80B548
:1016300084B000AF78607B681B68184600F0A0F9A2
:101640000346002B30D07B6817334FF480720021A3
:10165000184604F02AFB10217868FFF789FD03463D
:10166000BB73BB7B1A460D217868FFF7A0FD7B6832
:101670005B7C002B03D17B685B7DFB7305E0132152
:101680007868FFF775FD0346FB737B6803F117026B
:10169000FB7B00217868FFF7B3FD7B68FA7B83F85A
:1016A00017217868FFF751FF7B6893F817311846C8
:1016B0001037BD4680BD80B586B000AFF8600B46E0
:1016C0007A60FB72FB68FA7A5A75F868FFF70CFECD
:1016D00087224D21F868FFF76AFD00222421F8686F
:1016E000FFF765FD41224021F868FFF760FDF868CB
:1016F000FFF72BFFF7221121F868FFF758FDFB7A5F
:101700001A462221F868FFF752FD0E21F868FFF70C
:101710002FFD0346FB75FB7D1A460D21F868FFF788
:1017200046FD2221F868FFF723FD0346BB75BA7D0D
:10173000FB7A9A4204D1FB6802229A7501230EE0DB
:101740007B68013B7B607B68002BEAD1FB681B68F0
:10175000184600F0A0F8F868FFF7C6FD0023184609
:101760001837BD4680BD80B584B000AFF860B96061
:101770003B601346FB71FB79BA680021F868FFF7FC
:1017800078FD8B220121F868FFF711FDFB681B68CB
:10179000184600F0F5F80346002B0BD01221F8682C
:1017A000FFF7E6FCF868FFF7D0FEF868FFF7A0FE49
:1017B000012313E03B68013B3B603B68002B09D1F0
:1017C000FB681B68184600F066F8F868FFF78CFDA8
:1017D000002303E0012000F0C8F8D7E718461037CF
:1017E000BD4680BD80B584B000AFF860C7E9002376
:1017F000FB681B68184600F022F8F968D7E9002357
:10180000C1E90223FB683A7E1A74FB683A7F5A7476
:10181000FB6897F820209A74FB6897F82420DA7404
:10182000FB6897F828201A75FB6897F82C205A75E2
:10183000F868FFF759FD00BF1037BD4680BD80B581
:1018400082B000AF78600121786800F00DF87B6805
:1018500058687B681B689BB20122194601F07BFE29
:1018600000BF0837BD4680BD80B582B000AF78604C
:1018700039607B6858697B681B6999B23B68012BAA
:101880000CBF01230023DBB21A4601F064FE00BF47
:101890000837BD4680BD80B582B000AF78600121B9
:1018A0007868FFF7E1FF7B6858687B681B689BB22C
:1018B0000022194601F04FFE012000F056F87B6827
:1018C00058687B681B689BB20122194601F043FEF1
:1018D000642000F04AF800BF0837BD4680BD80B5DF
:1018E00082B000AF78600B46FB7000217868FFF78C
:1018F000BBFF7B689869F91C4FF47A73012202F0F0
:1019000043FC00BF7B689B69184602F02AFF034630
:10191000012BF7D100BF00BF0837BD4680BD80B5A1
:1019200086B002AF78600023FB730023BB730021F5
:101930007868FFF799FF7B68986907F10E0207F155
:101940000F014FF47A730093012302F061FD00BF91
:101950007B689B69184602F004FF0346012BF7D110
:10196000BB7B18461037BD4680BD80B582B000AF46
:101970007860786800F020FF00BF0837BD4680BD62
:1019800080B582B000AF78607B68DA687B689B685E
:101990009BB21946104601F0C7FD0346012B0CBF50
:1019A00001230023DBB218460837BD4680BD000086
:1019B00080B400AF164B00221A60154B154A5A60CE
:1019C000134B4FF480521A81114B01229A62104B33
:1019D000104ADA620E4B4FF400521A860C4B022268
:1019E0001A650B4B0B4A5A65094B4FF48042A3F81A
:1019F0005820074B03229A67054B064ADA67044BC7
:101A00004FF40042A3F8802000BFBD4680BC704761
:101A1000C8020020000C014080B586B000AF78609D
:101A200007F10C0300221A605A609A607B68FB6021
:101A300001233B6100237B6107F10C031946034836
:101A400001F076F900BF1837BD4680BDF4010020D3
:101A5000B0B590B000AF786039607868FFF7DCFF10
:101A60000023FB630023BB632CE0474800F0A0FF8A
:101A70000A21454801F04AF8434801F04DF9034670
:101A8000FB604FF40062FB689B1A7B637B6B13F176
:101A9000040F04DB7B6B042B01DC00237B637B6B7B
:101AA00003FB03F3FA6B1344FB6300233B6303E084
:101AB00000BF3B6B01333B633B6B312BF8DDBB6BF2
:101AC0000133BB63BA6B3B689A42CEDBF86BFEF71F
:101AD00099FC04460D463868FEF794FC02460B4616
:101AE00020462946FEF722FE02460B46C7E90A2396
:101AF000D7E90A0108F0A6F8C7E908014FF48053B6
:101B00001846FFF7EBF803461846FEF78DFC024631
:101B10000B4619A1D1E90001FEF708FE02460B466B
:101B2000D7E90801FEF7D8FC02460B46C7E90623B1
:101B3000164B1846FEF778FC02460B46D7E906011D
:101B4000FEF7CAFC02460B46C7E904230CA3D3E9FF
:101B50000023D7E90401FEF731FF0346002B04D030
:101B60004FF000024FF0000301E0D7E904231046D4
:101B700019464037BD46B0BD6666666666660A4071
:101B8000333333333333C33FF4010020666672428C
:101B9000B0B5EEB006AF00F0ADFD00F021FA00F0F8
:101BA00019FB00F079FA00F0B5FA00F0E9FAFFF756
:101BB000FFFE00F0F7FD0346C54A136000F0F2FD9A
:101BC0000346C44A1360C44BC44ADA60C24B0122C4
:101BD0009A60C14BC24A5A61BF4B10221A61BE4B78
:101BE000BE4A5A60BC4B02221A60BB4BBD4A9A6186
:101BF000BD4BB94A1A600A230593002304930023BE
:101C00000393072302930123019301230093AAA3C3
:101C1000D3E90023B448FFF7E5FD4FF4FA62102141
:101C2000B148FFF79FFC64231022B049B04802F08E
:101C3000AEFE00F0B7FD0246A64B1B68D31AF92B87
:101C400040F2278100F0AEFD0346A24A1360A94B83
:101C50001A6813469B001344DB00A74A1344C7F8D5
:101C60009C31D7F89C311B6832211846FFF7F0FEF3
:101C700002460B46D7F89C11C1E90423D7F89C31E2
:101C8000D3E904459D4B1846FEF7CEFB02460B46B2
:101C900020462946FEF720FC02460B46D7F89C1149
:101CA000C1E90623D7F89C31D3E90845D7F89C3120
:101CB000D3E906014FF00002914BFEF70DFC0246FE
:101CC0000B4620462946FEF751FA02460B46D7F846
:101CD0009C11C1E90823D7F89C31D3E9080178A306
:101CE000D3E90023FEF722FD02460B46C7E9642331
:101CF000D7F89C31D3E9042310461946FEF79CFE21
:101D00000346C7F88C31D7F89C31D3E90445D7F89E
:101D10008C01FEF777FB02460B4620462946FEF76C
:101D200023FA02460B46104619464FF00002754B47
:101D3000FEF7D2FB02460B4610461946FEF77CFE24
:101D40000346C7F88831D7F89C31D3E906231046FB
:101D50001946FEF771FE0346C7F88431D7F89C3167
:101D6000D3E90645D7F88401FEF74CFB02460B4643
:101D700020462946FEF7F8F902460B46104619465A
:101D80004FF00002604BFEF7A7FB02460B461046E1
:101D90001946FEF751FE0346C7F88031D7E96401C2
:101DA000FEF74AFE0346C7F87C31D7F87C01FEF700
:101DB00029FB02460B46D7E96401FEF7D5F9024636
:101DC0000B461046194640A3D3E90023FEF784FBD7
:101DD00002460B4610461946FEF72EFE0346C7F88C
:101DE0007831444B1B685C1C444B1846FEF7CAFF15
:101DF0000246381DD7F878310593D7F87C31049323
:101E0000D7F880310393D7F884310293D7F888311B
:101E10000193D7F88C310093134622463B4903F0D7
:101E2000B1FE4FF4FA6210212F48FFF744FC3B1D2E
:101E30001846FEF78DF90346DAB2391D4FF4FA63FE
:101E40002948FFF790FC3A1D07F144033049184632
:101E500003F098FE07F144031846FEF779F90346AC
:101E60009AB207F144016423214802F090FD4FF437
:101E7000FA6210211C48FFF775FB1E4B1B680133EB
:101E80001C4A13601B4B1B68032B02DD194B0022FD
:101E90001A600121114801F047FB0346012B7FF432
:101EA000C8AE1148FFF7C3FB0346C7F87431D7F833
:101EB0007431002B2EE000BF400ECF19000000004F
:101EC0000000000040774B41000000000088C34044
:101ED000700300206C03002074030020000C0140FC
:101EE000000801402402002090030020489E0008C2
:101EF0007C02002068030020C80200200000664326
:101F00000000D03F00005940000024405C9E0008C3
:101F1000849E00087FF78DAE114BC7F87031D7F85B
:101F20007431D7F87021134400221A7007F144036A
:101F3000D7F870210B49184603F024FE07F144033B
:101F40001846FEF705F903469AB207F144016423E7
:101F5000054802F01CFDD7F8700100F007F868E6AC
:101F6000A7030020909E00087C02002080B586B068
:101F700000AF786007F10C0307F11002164978688A
:101F800003F022FE0346022B22D13B69002B1FDD0A
:101F90003B69042B1CDC3B695A1E13469B0013440F
:101FA000DB000E4A13447B61FB68012B08D17B697F
:101FB00058687B691B890022194601F0CCFA07E0BA
:101FC0007B6958687B691B890122194601F0C3FAB5
:101FD00000BF1837BD4680BDA09E0008C802002083
:101FE00080B594B000AF07F12803282200211846DD
:101FF00003F05BFE07F1140300221A605A609A6036
:10200000DA601A613B1D00221A605A609A60DA6039
:102010000123BB624FF48033FB6200233B63012347
:10202000BB6302237B644FF48033BB644FF4E01343
:10203000FB6407F12803184601F0A6FA0346002BBB
:1020400001D000F033F90F237B610223BB61002331
:10205000FB614FF480633B6200237B6207F1140352
:102060000221184601F012FD0346002B01D000F0BA
:102070001DF902237B604FF40043FB603B1D1846B3
:1020800001F092FE0346002B01D000F00FF900BFD3
:102090005037BD4680BD000080B584B000AF3B1D09
:1020A00000221A605A609A60184B194A1A60174B3E
:1020B00000229A60154B00221A73144B00221A75E5
:1020C000124B4FF46022DA61104B00225A600F4B22
:1020D00001221A610D4800F093FB0346002B01D04A
:1020E00000F0E4F800237B600123BB600023FB6069
:1020F0003B1D1946054800F01BFE0346002B01D08E
:1021000000F0D4F800BF1037BD4680BDF4010020B8
:102110000024014080B500AF174B184A1A60164BD7
:102120004FF482725A60144B00229A60124B0022C4
:10213000DA60114B00221A610F4B00225A610E4BDC
:102140004FF400729A610C4B2822DA610A4B00228C
:102150001A62094B00225A62074B00229A62064B10
:102160000A22DA62044801F08BFF0346002B01D0FB
:1021700000F09CF800BF80BD240200200030014028
:1021800080B500AF114B124A1A60104B4FF4165233
:102190005A600E4B00229A600C4B0022DA600B4B07
:1021A00000221A61094B0C225A61084B00229A61E5
:1021B000064B0022DA61054802F099FB0346002B2A
:1021C00001D000F073F800BF80BD00BF7C0200208A
:1021D0000038014080B588B000AF07F1100300223D
:1021E0001A605A609A60DA602D4B9B692C4A43F062
:1021F000200393612A4B9B6903F02003FB60FB687B
:10220000274B9B69264A43F004039361244B9B6947
:1022100003F00403BB60BB68214B9B69204A43F079
:10222000080393611E4B9B6903F008037B607B6886
:10223000012210211B4801F08EF900224FF2020109
:10224000194801F088F910233B6101237B610023C9
:10225000BB610223FB6107F110031946114800F02E
:10226000DFFF01233B6100237B610023BB6107F19A
:10227000100319460C4800F0D3FF4FF202033B61F4
:1022800001237B610023BB610223FB6107F1100383
:102290001946054800F0C4FF00BF2037BD4680BD89
:1022A0000010024000080140000C014080B400AF63
:1022B00072B600BF00BFFDE780B485B000AF154B1C
:1022C0009B69144A43F001039361124B9B6903F02D
:1022D0000103BB60BB680F4BDB690E4A43F08053C0
:1022E000D3610C4BDB6903F080537B607B680A4B46
:1022F0005B68FB60FB6823F0E063FB60FB6843F016
:102300000073FB60044AFB68536000BF1437BD468E
:1023100080BC7047001002400000014080B588B0CA
:1023200000AF786007F1100300221A605A609A60CB
:10233000DA607B681B68144A934221D1134B9B6976
:10234000124A43F400739361104B9B6903F40073CA
:10235000FB60FB680D4B9B690C4A43F004039361DF
:102360000A4B9B6903F00403BB60BB680F233B610E
:1023700003237B6107F110031946054800F050FF65
:1023800000BF2037BD4680BD002401400010024040
:102390000008014080B588B000AF786007F11003F5
:1023A00000221A605A609A60DA607B681B681B4AD8
:1023B00093422FD11A4B9B69194A43F4805393617E
:1023C000174B9B6903F48053FB60FB68144B9B69BC
:1023D000134A43F004039361114B9B6903F0040318
:1023E000BB60BB68A0233B6102237B610323FB61CD
:1023F00007F1100319460B4800F012FF40233B6120
:1024000000237B610023BB6107F1100319460548D7
:1024100000F006FF00BF2037BD4680BD0030014000
:10242000001002400008014080B588B000AF78601D
:1024300007F1100300221A605A609A60DA607B6824
:102440001B681C4A934231D11B4B9B691A4A43F4C7
:1024500080439361184B9B6903F48043FB60FB68E6
:10246000154B9B69144A43F004039361124B9B691B
:1024700003F00403BB60BB684FF400733B610223AD
:102480007B610323FB6107F1100319460B4800F041
:10249000C7FE4FF480633B6100237B610023BB6177
:1024A00007F110031946054800F0BAFE00BF2037B7
:1024B000BD4680BD003801400010024000080140C8
:1024C00080B400AF00BFFDE780B400AF00BFFDE700
:1024D00080B400AF00BFFDE780B400AF00BFFDE7F0
:1024E00080B400AF00BFFDE780B400AF00BFBD46C1
:1024F00080BC704780B400AF00BFBD4680BC704751
:1025000080B400AF00BFBD4680BC704780B500AF4F
:1025100000F036F900BF80BD80B400AF012318463B
:10252000BD4680BC704780B582B000AF786039602E
:1025300003F00EFC034616221A604FF0FF331846D4
:102540000837BD4680BD80B582B000AF78604FF0DF
:10255000FF317868FFF7E7FF00BFFDE780B586B081
:1025600000AFF860B9607A6000237B610AE0AFF3E6
:1025700000800146BB685A1CBA60CAB21A707B69F7
:1025800001337B617A697B689A42F0DB7B6818468D
:102590001837BD4680BD80B586B000AFF860B96021
:1025A0007A6000237B6109E0BB685A1CBA601B7823
:1025B0001846AFF300807B6901337B617A697B68E1
:1025C0009A42F1DB7B6818461837BD4680BD80B45F
:1025D00083B000AF78604FF0FF3318460C37BD462C
:1025E00080BC704780B483B000AF786039603B68CE
:1025F0004FF400525A60002318460C37BD4680BC89
:10260000704780B483B000AF7860012318460C3760
:10261000BD4680BC704780B485B000AFF860B9603B
:102620007A60002318461437BD4680BC704700000E
:1026300080B586B000AF7860144A154BD31A7B6121
:102640007B693B61134B1B68002B02D1114B124A73
:102650001A60104B1A687B6813443A699A4207D291
:1026600003F076FB03460C221A604FF0FF3309E0BB
:10267000084B1B68FB60074B1A687B681344054ACC
:102680001360FB6818461837BD4680BD0050002017
:1026900000040000A80400200006002080B400AF61
:1026A00000BFBD4680BC7047FFF7F8FF0B480C49E0
:1026B0000C4A002302E0D458C4500433C4188C429E
:1026C000F9D3094A094C002301E013600432A24205
:1026D000FBD303F043FBFFF75BFA704700000020D9
:1026E000D401002078A30008D8010020FC050020B8
:1026F000FEE7000080B500AF084B1B68074A43F0B7
:1027000010031360032000F057FD0F2000F008F8BD
:10271000FFF7D2FD0023184680BD00BF0020024015
:1027200080B582B000AF7860124B1A68124B1B78EC
:1027300019464FF47A73B3FBF1F3B2FBF3F3184687
:1027400000F061FD0346002B01D001230EE07B6801
:102750000F2B0AD8002279684FF0FF3000F037FDC8
:10276000064A7B681360002300E0012318460837FF
:10277000BD4680BD000000200800002004000020AD
:1027800080B400AF054B1B781A46054B1B681344F9
:10279000034A136000BFBD4680BC7047080000209C
:1027A000AC04002080B400AF024B1B681846BD4645
:1027B00080BC7047AC04002080B584B000AF786066
:1027C000FFF7F0FFB8607B68FB60FB68B3F1FF3F89
:1027D00005D00A4B1B781A46FB681344FB6000BF08
:1027E000FFF7E0FF0246BB68D31AFA689A42F7D8AF
:1027F00000BF00BF1037BD4680BD00BF08000020ED
:1028000080B586B000AF78600023FB7500233B6184
:102810000023BB600023FB607B68002B01D10123F8
:10282000BEE07B689B68002B7B689B6A002B09D10C
:102830007B680022DA627B68002283F824207868B3
:10284000FFF76CFD786800F0C5FB0346FB757B68FD
:102850009B6A03F01003002B40F09980FB7D002B56
:1028600040F095807B689B6A23F4885323F0020331
:1028700043F002027B689A627B685A687B68DB6976
:102880001A437B681B7B5B001343BA681343BB602E
:102890007B689B68B3F5807F03D07B689B68012BC6
:1028A00002D14FF4807300E000233A6913433B6187
:1028B0007B681B7D012B19D17B681B7B002B09D109
:1028C0007B689B69013B5A033B69134343F40063F4
:1028D0003B610BE07B689B6A43F020027B689A6255
:1028E0007B68DB6A43F001027B68DA627B681B6805
:1028F0005B6823F469417B681B683A690A435A6044
:102900007B681B689A68284B13407A681268B9681C
:102910000B4393607B689B68B3F5807F03D07B6833
:102920009B68012B04D17B681B69013B1B05FB6085
:102930007B681B68DB6A23F470017B681B68FA689C
:102940000A43DA627B681B689A68184B1340BA68BE
:102950009A420BD17B680022DA627B689B6A23F083
:10296000030343F001027B689A6218E07B689B6A6C
:1029700023F0120343F010027B689A627B68DB6AE3
:1029800043F001027B68DA620123FB7507E07B6894
:102990009B6A43F010027B689A620123FB75FB7D02
:1029A00018461837BD4680BDFDF7E1FFFE0E1FFF3C
:1029B00080B584B000AF78600023FB737B6893F828
:1029C0002430012B01D1022398E07B68012283F897
:1029D0002420786800F0A4FA0346FB73FB7B002BED
:1029E00040F087807B689B6A23F4407323F00103E7
:1029F00043F480727B689A627B681B68414A934209
:102A000005D1414B5B6803F47023002B15D17B6823
:102A10009B6A23F480127B689A627B681B685B6800
:102A200003F48063002B26D07B689B6A23F4405319
:102A300043F480527B689A621DE07B689B6A43F492
:102A400080127B689A627B681B682F4A934204D08D
:102A50007B681B682B4A93420DD12B4B5B6803F4B8
:102A60008063002B07D07B689B6A23F4405343F4B8
:102A700080527B689A627B689B6A03F48053002BC8
:102A800006D07B68DB6A23F006027B68DA6202E02C
:102A90007B680022DA627B68002283F824207B684E
:102AA0001B686FF002021A607B681B689B6803F466
:102AB0006023B3F5602F13D17B681B68114A9342E2
:102AC00005D1114B5B6803F47023002B08D17B68A0
:102AD0001B689A687B681B6842F4A0029A600CE04D
:102AE0007B681B689A687B681B6842F480129A6056
:102AF00003E07B68002283F82420FB7B1846103714
:102B0000BD4680BD002801400024014090B587B03B
:102B100000AF7860396000237B610023FB600023F5
:102B20003B61FFF73FFE78617B681B689B6803F49D
:102B30008073002B0BD07B689B6A43F020027B687C
:102B40009A627B68002283F824200123D3E07B680B
:102B50001B685B6803F48073002B31D17B681B68B2
:102B6000DB6A03F47003002B2AD121E03B68B3F148
:102B7000FF3F1DD03B68002B07D0FFF713FE024636
:102B80007B69D31A3A689A4212D27B681B681B6829
:102B900003F00203002B0BD17B689B6A43F0040215
:102BA0007B689A627B68002283F824200323A2E0DA
:102BB0007B681B681B6803F00203002BD6D070E013
:102BC0004F4B1C68022001F0A5F90346B4FBF3F259
:102BD0007B681B6819694B4B0B40002B18D17B6835
:102BE0001B68D968484B0B40002B11D17B681B68D0
:102BF0001969464B0B40002B08D17B681B68D968CC
:102C0000434B0B40002B01D1142320E029231EE06D
:102C10007B681B6819693D4B0B40002B06D17B6814
:102C20001B68D9683A4B0B40002B0DD07B681B68A2
:102C30001969384B0B40002B08D17B681B68D96899
:102C4000344B0B40002B01D1542300E0FC2302FB4A
:102C500003F33B6121E03B68B3F1FF3F1AD03B68CF
:102C6000002B07D0FFF79EFD02467B69D31A3A6816
:102C70009A420FD2FB683A699A420BD97B689B6AE9
:102C800043F004027B689A627B68002283F8242068
:102C9000032330E0FB680133FB60FB683A699A422A
:102CA000D9D87B681B686FF012021A607B689B6A38
:102CB00043F400727B689A627B681B689B6803F42C
:102CC0006023B3F5602F15D17B681B7B002B11D1DE
:102CD0007B689B6A23F480727B689A627B689B6A3C
:102CE00003F48053002B05D17B689B6A43F00102FB
:102CF0007B689A62002318461C37BD4690BD00BF12
:102D00000000002024499224244992009224491270
:102D1000922449004992240080B483B000AF7860C7
:102D20007B681B68DB6C18460C37BD4680BC70475F
:102D300080B485B000AF786039600023FB73002356
:102D4000BB607B6893F82430012B01D10223DCE0C7
:102D50007B68012283F824203B685B68062B1CD823
:102D60007B681B68596B3B685A6813469B00134489
:102D7000053B1F2202FA03F3DB4319403B68186846
:102D80003B685A6813469B001344053B00FA03F264
:102D90007B681B680A435A633CE03B685B680C2B0A
:102DA0001CD87B681B68196B3B685A6813469B00EC
:102DB0001344233B1F2202FA03F3DB4319403B6811
:102DC00018683B685A6813469B001344233B00FA7B
:102DD00003F27B681B680A431A631BE07B681B686D
:102DE000D96A3B685A6813469B001344413B1F2233
:102DF00002FA03F3DB4319403B6818683B685A68E2
:102E000013469B001344413B00FA03F27B681B68A6
:102E10000A43DA623B681B68092B1CD97B681B6874
:102E2000D9683B681A6813465B0013441E3B0722AF
:102E300002FA03F3DB4319403B6898683B681A6861
:102E400013465B0013441E3B00FA03F27B681B68C9
:102E50000A43DA6019E07B681B6819693B681A68E5
:102E600013465B001344072202FA03F3DB431940C5
:102E70003B6898683B681A6813465B00134400FA85
:102E800003F27B681B680A431A613B681B68102BBE
:102E900003D03B681B68112B32D17B681B681D4A2D
:102EA000934225D17B681B689B6803F40003002BC9
:102EB00026D17B681B689A687B681B6842F4000215
:102EC0009A603B681B68102B1AD1134B1B68134A7E
:102ED000A2FB03239A0C13469B0013445B00BB60C8
:102EE00002E0BB68013BBB60BB68002BF9D107E087
:102EF0007B689B6A43F020027B689A620123FB7324
:102F00007B68002283F82420FB7B18461437BD46DB
:102F100080BC7047002401400000002083DE1B437A
:102F200080B584B000AF78600023FB600023BB60F5
:102F30007B681B689B6803F00103012B40D07B6812
:102F40001B689A687B681B6842F001029A601F4BFD
:102F50001B681F4AA2FB03239B0CBB6002E0BB68FB
:102F6000013BBB60BB68002BF9D1FFF71BFCF8608D
:102F70001FE0FFF717FC0246FB68D31A022B18D993
:102F80007B681B689B6803F00103012B11D07B68F1
:102F90009B6A43F010027B689A627B68DB6A43F0AD
:102FA00001027B68DA627B68002283F82420012317
:102FB00007E07B681B689B6803F00103012BD8D1F5
:102FC000002318461037BD4680BD00BF000000201A
:102FD00083DE1B4380B584B000AF78600023FB60C4
:102FE0007B681B689B6803F00103012B2ED17B6873
:102FF0001B689A687B681B6822F001029A60FFF7E1
:10300000D1FBF8601BE0FFF7CDFB0246FB68D31A4B
:10301000022B14D97B681B689B6803F00103012B0A
:103020000DD17B689B6A43F010027B689A627B68D3
:10303000DB6A43F001027B68DA62012307E07B6808
:103040001B689B6803F00103012BDCD000231846AA
:103050001037BD4680BD000080B485B000AF7860F9
:103060007B6803F00703FB600C4BDB68BB60BA684E
:103070004FF6FF031340BB60FB681A02BB681343A3
:1030800043F0BF6343F40033BB60044ABB68D360C2
:1030900000BF1437BD4680BC704700BF00ED00E0A4
:1030A00080B400AF044BDB681B0A03F0070318462B
:1030B000BD4680BC704700BF00ED00E080B483B027
:1030C00000AF03463960FB7197F90730002B0ADB2C
:1030D0003B68DAB20C4997F907301201D2B20B44BF
:1030E00083F800230AE03B68DAB20849FB7903F071
:1030F0000F03043B1201D2B20B441A7600BF0C3707
:10310000BD4680BC704700BF00E100E000ED00E07C
:1031100080B489B000AFF860B9607A60FB6803F0F2
:103120000703FB61FB69C3F10703042B28BF0423DA
:10313000BB61FB690433062B02D9FB69033B00E04A
:1031400000237B614FF0FF32BB6902FA03F3DA43DD
:10315000BB681A407B699A404FF0FF317B6901FAE6
:1031600003F3D9437B680B40134318462437BD460D
:1031700080BC704780B582B000AF78607B68013B4F
:10318000B3F1807F01D301230FE00A4A7B68013B42
:1031900053600F214FF0FF30FFF790FF054B0022E7
:1031A0009A60044B07221A60002318460837BD4670
:1031B00080BD00BF10E000E080B582B000AF786055
:1031C0007868FFF749FF00BF0837BD4680BD80B56E
:1031D00086B000AF0346B9607A60FB7300237B6161
:1031E000FFF75EFF78617A68B9687869FFF790FF4A
:1031F000024697F90F3011461846FFF75FFF00BFF0
:103200001837BD4680BD80B582B000AF7860786861
:10321000FFF7B0FF034618460837BD4680BD0000E3
:1032200080B48BB000AF7860396000237B620023EC
:103230003B6269E101227B6A02FA03F3FB613B68AE
:103240001B68FA691340BB61BA69FB699A4240F096
:1032500058813B685B689A4A93425ED0984A934291
:1032600075D8984A934258D0964A93426FD8964A56
:10327000934252D0944A934269D8944A93424CD094
:10328000924A934263D8924A934246D0904A9342DC
:103290005DD8122B2AD8122B59D801A252F823F04C
:1032A0001B330008F53200080733000849330008D3
:1032B0004F3300084F3300084F3300084F330008E6
:1032C0004F3300084F3300084F3300084F330008D6
:1032D0004F3300084F3300084F3300084F330008C6
:1032E0004F330008FD32000811330008794A934239
:1032F00013D02CE03B68DB683B6229E03B68DB686D
:1033000004333B6224E03B68DB6808333B621FE028
:103310003B68DB680C333B621AE03B689B68002B20
:1033200002D104233B6213E03B689B68012B05D16B
:1033300008233B627B68FA691A6109E008233B6253
:103340007B68FA695A6103E000233B6200E000BF3A
:10335000BB69FF2B01D87B6801E07B6804337B618C
:10336000BB69FF2B02D87B6A9B0002E07B6A083BAB
:103370009B003B617B691A680F213B6901FA03F3EB
:10338000DB431A40396A3B6901FA03F31A437B694C
:103390001A603B685B6803F08053002B00F0B1803B
:1033A0004D4B9B694C4A43F0010393614A4B9B6927
:1033B00003F00103BB60BB68484A7B6A9B08023389
:1033C00052F82330FB607B6A03F003039B000F225B
:1033D00002FA03F3DB43FA681340FB607B68404A60
:1033E000934213D07B683F4A93420DD07B683E4A9C
:1033F000934207D07B683D4A934201D1032306E004
:10340000042304E0022302E0012300E000237A6A9F
:1034100002F0030292009340FA681343FB602F49C5
:103420007B6A9B080233FA6841F823203B685B689B
:1034300003F48013002B06D02D4B9A682C49BB69EE
:1034400013438B6006E02A4B9A68BB69DB4328492B
:1034500013408B603B685B6803F40013002B06D0BD
:10346000234BDA682249BB691343CB6006E0204B4B
:10347000DA68BB69DB431E491340CB603B685B687D
:1034800003F40033002B06D0194B5A681849BB6966
:1034900013434B6006E0164B5A68BB69DB43144983
:1034A00013404B603B685B6803F48033002B21D0F2
:1034B0000F4B1A680E49BB6913430B6021E000BF34
:1034C0000000321000003110000022100000211016
:1034D0000000121000001110001002400000014016
:1034E00000080140000C01400010014000140140A0
:1034F000000401400B4B1A68BB69DB4309491340C8
:103500000B607B6A01337B623B681A687B6A22FA34
:1035100003F3002B7FF48EAE00BF00BF2C37BD46F7
:1035200080BC70470004014080B485B000AF786073
:103530000B467B807B689A687B881340002B02D007
:103540000123FB7301E00023FB73FB7B1846143758
:10355000BD4680BC704780B483B000AF78600B4636
:103560007B8013467B707B78002B03D07A887B6846
:103570001A6103E07B881A047B681A6100BF0C376C
:10358000BD4680BC7047000080B586B000AF786053
:103590007B68002B01D1012372E27B681B6803F07A
:1035A0000103002B00F08780924B5B6803F00C0353
:1035B000042B0CD08F4B5B6803F00C03082B12D14B
:1035C0008C4B5B6803F48033B3F5803F0BD1894BA0
:1035D0001B6803F40033002B6CD07B685B68002B06
:1035E00068D101234CE27B685B68B3F5803F06D16C
:1035F000804B1B687F4A43F4803313602EE07B6866
:103600005B68002B0CD17B4B1B687A4A23F4803318
:103610001360784B1B68774A23F4802313601DE006
:103620007B685B68B3F5A02F0CD1724B1B68714AA5
:1036300043F4802313606F4B1B686E4A43F480335E
:1036400013600BE06B4B1B686A4A23F480331360F2
:10365000684B1B68674A23F4802313607B685B68B0
:10366000002B13D0FFF79EF8386108E0FFF79AF8B7
:1036700002463B69D31A642B01D9032300E25D4B58
:103680001B6803F40033002BF0D014E0FFF78AF836
:10369000386108E0FFF786F802463B69D31A642BCD
:1036A00001D90323ECE1534B1B6803F40033002BD7
:1036B000F0D100E000BF7B681B6803F00203002B21
:1036C00063D04C4B5B6803F00C03002B0BD0494BD1
:1036D0005B6803F00C03082B1CD1464B5B6803F4BA
:1036E0008033002B16D1434B1B6803F00203002BE1
:1036F00005D07B681B69012B01D00123C0E13D4B44
:103700001B6823F0F8027B685B69DB0039491343CF
:103710000B603AE07B681B69002B20D0364B0122FE
:103720001A60FFF73FF8386108E0FFF73BF8024600
:103730003B69D31A022B01D90323A1E12D4B1B684E
:1037400003F00203002BF0D02A4B1B6823F0F80291
:103750007B685B69DB00274913430B6015E0264B50
:1037600000221A60FFF71EF8386108E0FFF71AF828
:1037700002463B69D31A022B01D9032380E11D4B7A
:103780001B6803F00203002BF0D17B681B6803F079
:103790000803002B3AD07B689B69002B19D0174B8C
:1037A00001221A60FEF7FEFF386108E0FEF7FAFF1B
:1037B00002463B69D31A022B01D9032360E10D4B6A
:1037C0005B6A03F00203002BF0D0012000F0CEFA78
:1037D0001CE00A4B00221A60FEF7E4FF38610FE09C
:1037E000FEF7E0FF02463B69D31A022B08D90323F8
:1037F00046E100BF00100240000042428004424205
:10380000924B5B6A03F00203002BE9D17B681B68D3
:1038100003F00403002B00F0A6800023FB758B4B04
:10382000DB6903F08053002B0DD1884BDB69874A9D
:1038300043F08053D361854BDB6903F08053BB6059
:10384000BB680123FB75824B1B6803F48073002B5C
:1038500018D17F4B1B687E4A43F480731360FEF7D8
:10386000A1FF386108E0FEF79DFF02463B69D31ACD
:10387000642B01D9032303E1754B1B6803F48073A8
:10388000002BF0D07B68DB68012B06D16F4B1B6AE5
:103890006E4A43F0010313622DE07B68DB68002B66
:1038A0000CD16A4B1B6A694A23F001031362674B10
:1038B0001B6A664A23F0040313621CE07B68DB6822
:1038C000052B0CD1614B1B6A604A43F00403136261
:1038D0005E4B1B6A5D4A43F0010313620BE05B4BD6
:1038E0001B6A5A4A23F001031362584B1B6A574A5A
:1038F00023F0040313627B68DB68002B15D0FEF70E
:1039000051FF38610AE0FEF74DFF02463B69D31ACA
:1039100041F28832934201D90323B1E04B4B1B6A39
:1039200003F00203002BEED014E0FEF73BFF3861FA
:103930000AE0FEF737FF02463B69D31A41F28832AC
:10394000934201D903239BE0404B1B6A03F002031F
:10395000002BEED1FB7D012B05D13C4BDB693B4AB3
:1039600023F08053D3617B68DB69002B00F08780F4
:10397000364B5B6803F00C03082B61D07B68DB6976
:10398000022B46D1334B00221A60FEF70BFF386141
:1039900008E0FEF707FF02463B69D31A022B01D964
:1039A00003236DE0294B1B6803F00073002BF0D15B
:1039B0007B681B6AB3F5803F08D1244B5B6823F416
:1039C00000327B689B68214913434B601F4B5B6847
:1039D00023F474127B68196A7B685B6A0B431B498A
:1039E00013434B601B4B01221A60FEF7DBFE38616C
:1039F00008E0FEF7D7FE02463B69D31A022B01D935
:103A000003233DE0114B1B6803F00073002BF0D043
:103A100035E0104B00221A60FEF7C4FE386108E062
:103A2000FEF7C0FE02463B69D31A022B01D90323DD
:103A300026E0064B1B6803F00073002BF0D11EE05C
:103A40007B68DB69012B07D1012319E000100240DC
:103A500000700040600042420B4B5B68FB60FB68FB
:103A600003F480327B681B6A9A4206D1FB6803F438
:103A700070127B685B6A9A4201D0012300E0002348
:103A800018461837BD4680BD0010024080B584B08E
:103A900000AF786039607B68002B01D10123D0E052
:103AA0006A4B1B6803F007033A689A4210D9674BC8
:103AB0001B6823F0070265493B6813430B60634BA7
:103AC0001B6803F007033A689A4201D00123B8E06B
:103AD0007B681B6803F00203002B20D07B681B6807
:103AE00003F00403002B05D0594B5B68584A43F49C
:103AF000E06353607B681B6803F00803002B05D06C
:103B0000534B5B68524A43F460535360504B5B68BD
:103B100023F0F0027B689B684D4913434B607B6840
:103B20001B6803F00103002B40D07B685B68012B0E
:103B300007D1474B1B6803F40033002B15D1012339
:103B40007FE07B685B68022B07D1414B1B6803F069
:103B50000073002B09D1012373E03D4B1B6803F078
:103B60000203002B01D101236BE0394B5B6823F08A
:103B700003027B685B68364913434B60FEF712FE15
:103B8000F8600AE0FEF70EFE0246FB68D31A41F227
:103B90008832934201D9032353E02D4B5B6803F035
:103BA0000C027B685B689B009A42EBD1274B1B6839
:103BB00003F007033A689A4210D2244B1B6823F0A3
:103BC000070222493B6813430B60204B1B6803F03C
:103BD00007033A689A4201D0012332E07B681B68F0
:103BE00003F00403002B08D0194B5B6823F4E06258
:103BF0007B68DB68164913434B607B681B6803F0E6
:103C00000803002B09D0124B5B6823F460527B68D9
:103C10001B69DB000E4913434B6000F021F802469C
:103C20000B4B5B681B0903F00F030A49CB5C22FABC
:103C300003F3094A1360094B1B681846FEF770FD31
:103C4000002318461037BD4680BD00BF002002404B
:103C500000100240D49E0008000000200400002054
:103C600080B487B000AF0023FB600023BB6000235B
:103C70007B6100237B6000233B611E4B5B68FB6024
:103C8000FB6803F00C03042B02D0082B03D027E0C1
:103C9000194B3B6127E0FB689B0C03F00F03174AAD
:103CA000D35C7B60FB6803F48033002B10D0114B96
:103CB0005B685B0C03F00103114AD35CBB607B685B
:103CC0000D4A03FB02F2BB68B2FBF3F37B6104E035
:103CD0007B680C4A02FB03F37B617B693B6102E07A
:103CE000054B3B6100BF3B6918461C37BD4680BC95
:103CF000704700BF0010024000127A00EC9E0008DE
:103D0000FC9E000800093D0080B400AF024B1B6818
:103D10001846BD4680BC70470000002080B500AF4B
:103D2000FFF7F2FF0246054B5B681B0A03F007032F
:103D30000349CB5C22FA03F3184680BD0010024011
:103D4000E49E000880B500AFFFF7DEFF0246054B9A
:103D50005B68DB0A03F007030349CB5C22FA03F339
:103D6000184680BD00100240E49E000880B485B073
:103D700000AF78600A4B1B680A4AA2FB03235B0A68
:103D80007A6802FB03F3FB6000BFFB685A1EFA600F
:103D9000002BF9D100BF00BF1437BD4680BC70476F
:103DA00000000020D34D621080B586B000AF78606F
:103DB00000233B610023FB607B681B6803F0010369
:103DC000002B7DD00023FB754F4BDB6903F0805344
:103DD000002B0DD14C4BDB694B4A43F08053D36130
:103DE000494BDB6903F08053BB60BB680123FB7563
:103DF000464B1B6803F48073002B18D1434B1B68A0
:103E0000424A43F480731360FEF7CCFC386108E04B
:103E1000FEF7C8FC02463B69D31A642B01D9032381
:103E20006DE03A4B1B6803F48073002BF0D0364BE7
:103E30001B6A03F44073FB60FB68002B2ED07B6889
:103E40005B6803F44073FA689A4227D02E4B1B6AD2
:103E500023F44073FB602E4B01221A602C4B00228E
:103E60001A60294AFB681362FB6803F00103002B08
:103E700014D0FEF797FC38610AE0FEF793FC024687
:103E80003B69D31A41F28832934201D9032336E0C9
:103E90001D4B1B6A03F00203002BEED01A4B1B6A6A
:103EA00023F440727B685B68174913430B62FB7D08
:103EB000012B05D1144BDB69134A23F08053D361E6
:103EC0007B681B6803F00203002B08D00E4B5B6875
:103ED00023F440427B689B680B4913434B607B682B
:103EE0001B6803F01003002B08D0074B5B6823F41A
:103EF00080027B68DB68044913434B60002318464B
:103F00001837BD4680BD00BF001002400070004061
:103F10004004424280B588B000AF786000237B61E6
:103F20000023FB6100233B610023FB600023BB6196
:103F30007B68102B0AD07B68102B00F28A807B688C
:103F4000012B45D07B68022B75D082E0464B5B6825
:103F5000FB60454B1B6803F08073002B7BD0FB6834
:103F60009B0C03F00F03414AD35C3B61FB6803F4F5
:103F70008033002B15D03C4B5B685B0C03F00103D6
:103F80003B4AD35C7B61FB6803F48033002B0DD08C
:103F9000384A7B69B2FBF3F23B6902FB03F3FB6136
:103FA00004E03B69344A02FB03F3FB612E4B5B6880
:103FB00003F48003B3F5800F02D1FB69BB614AE0D3
:103FC000FB695B002D4AA2FB03235B08BB6142E057
:103FD000254B1B6AFB60FB6803F44073B3F5807FDD
:103FE00008D1FB6803F00203002B03D04FF4004319
:103FF000BB611FE0FB6803F44073B3F5007F09D198
:10400000194B5B6A03F00203002B03D049F64043CF
:10401000BB610FE0FB6803F44073B3F5407F1CD134
:10402000114B1B6803F40033002B16D04FF22443CE
:10403000BB6112E011E0FFF785FE02460A4B5B68A8
:104040009B0B03F0030301335B00B2FBF3F3BB6193
:1040500004E000BF02E000BF00E000BFBB691846FB
:104060002037BD4680BD00BF00100240009F000801
:10407000109F000800127A0000093D00ABAAAAAA0E
:1040800080B582B000AF78607B68002B01D101233E
:1040900076E07B685B6A002B08D17B685B68B3F5D0
:1040A000827F09D07B680022DA6105E07B6800220C
:1040B0001A617B6800225A617B6800229A627B68E1
:1040C00093F85130DBB2002B06D17B68002283F8D5
:1040D00050207868FEF75EF97B68022283F8512051
:1040E0007B681B681A687B681B6822F040021A60B4
:1040F0007B685B6803F482727B689B6803F404430B
:104100001A437B68DB6803F400631A437B681B690E
:1041100003F002031A437B685B6903F001031A434F
:104120007B689B6903F400731A437B68DB6903F0C7
:1041300038031A437B681B6A03F0800342EA0301D9
:104140007B689B6A03F400527B681B680A431A6011
:104150007B689B691A0C7B681B6802F004025A603A
:104160007B681B68DA697B681B6822F40062DA618D
:104170007B6800225A657B68012283F85120002366
:1041800018460837BD4680BD80B588B000AFF860DE
:10419000B9603B601346FB80FEF704FBF861FB88C7
:1041A0007B83FB6893F85130DBB2012B01D00223F3
:1041B0002AE1BB68002B02D0FB88002B01D1012330
:1041C00022E1FB6893F85030012B01D102231BE15F
:1041D000FB68012283F85020FB68032283F85120FA
:1041E000FB6800225A65FB68BA681A63FB68FA88A4
:1041F0009A86FB68FA88DA86FB6800229A63FB6875
:1042000000229A87FB680022DA87FB6800225A6442
:10421000FB6800221A64FB689B68B3F5004F0FD15E
:10422000FB681B681A68FB681B6822F040021A6072
:10423000FB681B681A68FB681B6842F480421A60BE
:10424000FB681B681B6803F04003402B07D0FB682A
:104250001B681A68FB681B6842F040021A60FB6822
:10426000DB68B3F5006F52D1FB685B68002B02D0AE
:104270007B8B012B45D1FB681B6B1A88FB681B6885
:10428000DA60FB681B6B9A1CFB681A63FB68DB8EA9
:104290009BB2013B9AB2FB68DA8632E0FB681B688E
:1042A0009B6803F00203022B12D1FB681B6B1A8878
:1042B000FB681B68DA60FB681B6B9A1CFB681A635F
:1042C000FB68DB8E9BB2013B9AB2FB68DA8618E092
:1042D000FEF768FA0246FB69D31A3A689A4203D895
:1042E0003B68B3F1FF3F02D13B68002B09D1FB686B
:1042F000012283F85120FB68002283F85020032319
:1043000082E0FB68DB8E9BB2002BC7D153E0FB68D9
:104310005B68002B02D07B8B012B47D1FB681A6BAB
:10432000FB681B680C3312781A70FB681B6B5A1CF5
:10433000FB681A63FB68DB8E9BB2013B9AB2FB6899
:10434000DA8633E0FB681B689B6803F00203022BEC
:1043500013D1FB681A6BFB681B680C3312781A7058
:10436000FB681B6B5A1CFB681A63FB68DB8E9BB2F5
:10437000013B9AB2FB68DA8618E0FEF713FA0246B0
:10438000FB69D31A3A689A4203D83B68B3F1FF3FFE
:1043900002D13B68002B09D1FB68012283F8512030
:1043A000FB68002283F8502003232DE0FB68DB8E9E
:1043B0009BB2002BC6D1FA693968F86800F066FA3A
:1043C0000346002B02D0FB6820225A65FB689B68DD
:1043D000002B0AD100237B61FB681B68DB687B61D3
:1043E000FB681B689B687B617B69FB68012283F823
:1043F0005120FB68002283F85020FB685B6D002B86
:1044000001D0012300E0002318462037BD4680BDBF
:1044100080B58AB000AFF860B9607A607B80012314
:104420007B62FEF7BFF93862FB6893F85130FB7787
:10443000FB685B68BB617B88FB82FB7F012B0CD038
:10444000BB69B3F5827F06D1FB689B68002B02D164
:10445000FB7F042B01D002237FE1BB68002B05D03A
:104460007B68002B02D07B88002B01D1012374E1F3
:10447000FB6893F85030012B01D102236DE1FB68FA
:10448000012283F85020FB6893F85130DBB2042BF3
:1044900003D0FB68052283F85120FB6800225A658F
:1044A000FB687A689A63FB687A88DA87FB687A889F
:1044B0009A87FB68BA681A63FB687A88DA86FB68B1
:1044C0007A889A86FB6800221A64FB6800225A6484
:1044D000FB681B681B6803F04003402B07D0FB6898
:1044E0001B681A68FB681B6842F040021A60FB6890
:1044F000DB68B3F5006F7ED1FB685B68002B02D0F0
:10450000FB8A012B6CD1FB681B6B1A88FB681B684C
:10451000DA60FB681B6B9A1CFB681A63FB68DB8E16
:104520009BB2013B9AB2FB68DA8659E0FB681B68D4
:104530009B6803F00203022B1BD1FB68DB8E9BB24E
:10454000002B16D07B6A012B13D1FB681B6B1A88DA
:10455000FB681B68DA60FB681B6B9A1CFB681A63BC
:10456000FB68DB8E9BB2013B9AB2FB68DA860023C4
:104570007B62FB681B689B6803F00103012B19D168
:10458000FB68DB8F9BB2002B14D0FB681B68DA68DA
:10459000FB689B6B92B21A80FB689B6B9A1CFB6852
:1045A0009A63FB68DB8F9BB2013B9AB2FB68DA87A8
:1045B00001237B62FEF7F6F802463B6AD31A3A6B98
:1045C0009A420DD83B6BB3F1FF3F09D0FB68012243
:1045D00083F85120FB68002283F850200323BCE0BD
:1045E000FB68DB8E9BB2002BA0D1FB68DB8F9BB2FC
:1045F000002B9BD182E0FB685B68002B02D0FB8A1A
:10460000012B71D1FB681A6BFB681B680C331278A5
:104610001A70FB681B6B5A1CFB681A63FB68DB8E05
:104620009BB2013B9AB2FB68DA865DE0FB681B68CF
:104630009B6803F00203022B1CD1FB68DB8E9BB24C
:10464000002B17D07B6A012B14D1FB681A6BFB6817
:104650001B680C3312781A70FB681B6B5A1CFB68C2
:104660001A63FB68DB8E9BB2013B9AB2FB68DA8669
:1046700000237B62FB681B689B6803F00103012B2E
:1046800019D1FB68DB8F9BB2002B14D0FB681B6831
:10469000DA68FB689B6BD2B21A70FB689B6B5A1C82
:1046A000FB689A63FB68DB8F9BB2013B9AB2FB68A5
:1046B000DA8701237B62FEF775F802463B6AD31A5C
:1046C0003A6B9A4203D83B6BB3F1FF3F02D13B6B8D
:1046D000002B09D1FB68012283F85120FB680022DE
:1046E00083F85020032338E0FB68DB8E9BB2002B5D
:1046F0009CD1FB68DB8F9BB2002B97D13A6A396B58
:10470000F86800F0C3F80346002B08D0FB682022AD
:104710005A65FB68002283F8502001231DE0FB68E6
:104720009B68002B0AD100233B61FB681B68DB6898
:104730003B61FB681B689B683B613B69FB6801222E
:1047400083F85120FB68002283F85020FB685B6DE2
:10475000002B01D0012300E0002318462837BD4676
:1047600080BD80B483B000AF78607B6893F851302F
:10477000DBB218460C37BD4680BC704780B588B0A8
:1047800000AFF860B9603B601346FB71FEF70AF8B2
:104790000246BB6A9B1A3A681344FB61FEF702F8B3
:1047A000B861394B1B685B011B0DFA6902FB03F30F
:1047B0007B6154E03B68B3F1FF3F50D0FDF7F2FF5F
:1047C0000246BB69D31AFA699A4202D9FB69002BE7
:1047D0003DD1FB681B685A68FB681B6822F0E00249
:1047E0005A60FB685B68B3F5827F11D1FB689B68F8
:1047F000B3F5004F04D0FB689B68B3F5806F07D119
:10480000FB681B681A68FB681B6822F040021A608C
:10481000FB689B6AB3F5005F0FD1FB681B681A68E1
:10482000FB681B6822F400521A60FB681B681A6858
:10483000FB681B6842F400521A60FB68012283F88F
:104840005120FB68002283F85020032317E07B6986
:10485000002B01D10023FB617B69013B7B61FB687D
:104860001B689A68BB681340BA689A420CBF012360
:104870000023DBB21A46FB799A429BD100231846EB
:104880002037BD4680BD00BF0000002080B586B047
:1048900002AFF860B9607A607B680093BB68012260
:1048A0000221F868FFF76AFF0346002B07D0FB6878
:1048B0005B6D43F02002FB685A65032313E07B68BD
:1048C0000093BB6800228021F868FFF757FF03467A
:1048D000002B07D0FB685B6D43F02002FB685A6534
:1048E000032300E0002318461037BD4680BD80B585
:1048F00082B000AF78607B68002B01D1012342E0D9
:104900007B6893F84130DBB2002B06D17B68002234
:1049100083F840207868FDF787FD7B68242283F8C0
:1049200041207B681B68DA687B681B6822F40052B0
:10493000DA60786800F072F97B681B681A697B6836
:104940001B6822F490421A617B681B685A697B6875
:104950001B6822F02A025A617B681B68DA687B6850
:104960001B6842F40052DA607B6800225A647B685C
:10497000202283F841207B68202283F842207B6834
:1049800000225A63002318460837BD4680BD80B513
:104990008AB002AFF860B9603B601346FB80002329
:1049A0007B61FB6893F84130DBB2202B75D1BB688B
:1049B000002B02D0FB88002B01D101236EE0FB68A5
:1049C00000225A64FB68212283F84120FDF7EAFEA9
:1049D0007861FB68FA889A84FB68FA88DA84FB6855
:1049E0009B68B3F5805F08D1FB681B69002B04D17D
:1049F0000023FB61BB68BB6103E0BB68FB61002374
:104A0000BB612EE03B6800937B6900228021F8683F
:104A100000F048F80346002B05D0FB68202283F8FD
:104A2000412003233AE0FB69002B0BD1BB691B88B3
:104A30001A46FB681B68C2F308025A60BB6902335E
:104A4000BB6107E0FB691A78FB681B685A60FB6969
:104A50000133FB61FB68DB8C9BB2013B9AB2FB68C4
:104A6000DA84FB68DB8C9BB2002BCBD13B680093D4
:104A70007B6900224021F86800F014F80346002BFF
:104A800005D0FB68202283F84120032306E0FB6861
:104A9000202283F84120002300E00223184620371B
:104AA000BD4680BD80B586B000AFF860B9603B60A0
:104AB0001346FB713BE03B6AB3F1FF3F37D0FDF794
:104AC00071FE02463B68D31A3A6A9A4202D33B6AA5
:104AD000002B01D103233AE0FB681B68DB6803F07D
:104AE0000403002B23D0BB68802B20D0BB68402B55
:104AF0001DD0FB681B681B6803F00803082B16D148
:104B000000237B61FB681B681B687B61FB681B687B
:104B10005B687B617B69F86800F01DF8FB68082220
:104B20005A64FB68002283F8402001230FE0FB68F1
:104B30001B681A68BB681340BA689A420CBF01230D
:104B40000023DBB21A46FB799A42B4D00023184600
:104B50001837BD4680BD80B495B000AF78607B68E3
:104B60001B680C337B637B6B53E8003F3B633B6B01
:104B700023F49073FB647B681B680C33FA6C3A6413
:104B8000FB63F96B3A6C41E80023BB63BB6B002B02
:104B9000E5D17B681B6814333B623B6A53E8003FF6
:104BA000FB61FB6923F00103BB647B681B68143362
:104BB000BA6CFA62BB62B96AFA6A41E800237B62A6
:104BC0007B6A002BE5D17B681B6B012B19D17B68BD
:104BD0001B680C33FB60FB6853E8003FBB60BB689D
:104BE00023F010037B647B681B680C337A6CBA611A
:104BF0007B617969BA6941E800233B613B69002B1D
:104C0000E5D17B68202283F842207B6800221A636A
:104C100000BF5437BD4680BC7047000080B584B0EB
:104C200000AF78607B681B681B6923F440517B6888
:104C3000DA687B681B680A431A617B689A687B683C
:104C40001B691A437B685B691343BB607B681B6805
:104C5000DB6823F4B05323F00C037A681268B96858
:104C60000B43D3607B681B685B6923F440717B68EE
:104C70009A697B681B680A435A617B681B682C4AE7
:104C8000934203D1FFF75EF8F86002E0FFF746F8C1
:104C9000F860FA6813469B0013449A001A447B6834
:104CA0005B689B00B2FBF3F3224AA2FB03235B0980
:104CB0001901FA6813469B0013449A001A447B6852
:104CC0005B689B00B2FBF3F21A4BA3FB02035B0988
:104CD000642000FB03F3D31A1B013233154AA2FBF5
:104CE00003235B0903F0F0031944FA6813469B00A1
:104CF00013449A001A447B685B689B00B2FBF3F292
:104D00000C4BA3FB02035B09642000FB03F3D31AE3
:104D10001B013233074AA2FB03235B0903F00F0296
:104D20007B681B680A449A6000BF1037BD4680BD8F
:104D3000003801401F85EB51002B2DE9F0471D463F
:104D4000BBBF03F100431D4600232D2388B014464A
:104D5000B8BF1446129A109E1370149BDDF84CA035
:104D600023F02008B8F1460F05D0B8F1450F00D167
:104D70000136022300E0032307AA049206AACDE924
:104D800002A2CDE9003622462B4601F0B9F8B8F16F
:104D9000470F074619D1119BDB070ED500EB06091B
:104DA0000022002320462946FBF7FEFD08B1CDF87E
:104DB0001C903022079B4B451ED33846079B159A03
:104DC000DB1B136008B0BDE8F087B8F1460F00EBBD
:104DD0000609E5D10378302B0AD1002200232046B2
:104DE0002946FBF7E1FD18B9C6F10106CAF80060D3
:104DF000DAF800309944D3E7591C07911A70D9E7C3
:104E0000F7B50029B6BF2D232B234942092902708B
:104E1000437029DD0DF107031D460A27B1FBF7F6A4
:104E20001A4607FB1614303402F8014C0C46632C6A
:104E3000314603F1FF33F1DC3031941E03F8011CDD
:104E40002346411CAB420AD30DF109039B1AAC4225
:104E500088BF002302330344181A03B0F0BD13F8CF
:104E6000016B01F8016FEDE7302330318370C170C1
:104E7000031DF1E72DE9F04F91B00C46DDF8688095
:104E800016461F46054600F019FF036818460893AA
:104E9000FBF75EF900230E93D8F800300990073332
:104EA00023F0070303F1080294F818A0D4F800B027
:104EB000C8F80020D3E9008929F000430B93CDF80E
:104EC00028804FF0FF32DDE90A01C4E912899C4BCA
:104ED000FBF79CFD70BBDDE90A014FF0FF32984BF8
:104EE000FBF776FD30BB0022002340464946FBF726
:104EF00065FD10B12D2384F84330924A924BBAF1EC
:104F0000470F8CBF9046984603234FF0000923615A
:104F10002BF00403236033462146284600970FAA4E
:104F200000F0D4F9013040F090804FF0FF3011B024
:104F3000BDE8F08F42464B4640464946FBF766FDCA
:104F400048B14B46002BB8BF2D23804AB8BF84F828
:104F500043307F4BD3E763680AF0DF015A1C3FD12F
:104F60000623636000224BF48063236006920EAA3E
:104F7000CDE904A20DAA03920DF13302CDE901326D
:104F800063684246009328464B460A91FFF7D4FED9
:104F90000A99804647290D9928D1C81C02DB63680D
:104FA000994240DDAAF1020A5FFA8AFA52460139B3
:104FB00004F150000D91FFF723FF0E9A814613185C
:104FC000012A236102DC2268D20701D50133236163
:104FD0009DF83330002B9ED02D2384F843309AE780
:104FE0004729BFD1002BBDD10123BAE7BAF1650F24
:104FF000DCD9BAF1660F18D1002963680BDD216195
:1050000013B92268D00702D501330B4423614FF056
:105010000009A165DCE713B92268D20701D5023384
:10502000F4E70123F2E74FF0670A0E9B994205DB94
:1050300023682161D807EAD54B1CE7E70029CCBFDC
:105040000122C1F102021344E0E723685A0507D4A4
:105050002369424631462846B84701302BD164E7E0
:10506000BAF1650F40F2DC80D4E91201002200237E
:10507000FBF79AFC002833D0012331462846354AF5
:10508000B84701303FF451AFDDE90D38434502DB4D
:105090002368D8070FD5DDE9082331462846B847ED
:1050A00001303FF442AF4FF0000908F1FF3804F13E
:1050B0001A0AC84509DC23689B0700F10281E068F1
:1050C0000F9B9842B8BF184631E70123524631463C
:1050D0002846B84701303FF428AF09F10109E8E755
:1050E0000D9B002B38DC012331462846194AB8476E
:1050F00001303FF41AAFDDE90D3959EA030302D15B
:105100002368D907D7D5DDE9082331462846B847B3
:1051100001303FF40AAF4FF0000A04F11A0B0D9B67
:105120005B42534501DC4B4693E701235A46314627
:105130002846B84701303FF4F8AE0AF1010AEEE71D
:10514000FFFFEF7F169F0008129F00081E9F0008B8
:105150001A9F000858A00008A36DDDF838A0534539
:10516000A8BF5346002B994636DC4FF0000B29EAC6
:10517000E97904F11A02A36D0A93A3EB09035B45D5
:1051800031DC0D9B9A453ADC2368DA0737D40D9B56
:10519000AAEB03090A9BAAEB03039945A8BF99460A
:1051A000B9F1000F33DC4FF0000829EAE97904F186
:1051B0001A0B0D9BAAEB0303A3EB090343457FF7EF
:1051C0007AAF01235A4631462846B84701303FF4AA
:1051D000ACAE08F10108ECE7424631462846B84734
:1051E0000130C2D1A1E60123314628460A92B847D0
:1051F00001303FF49AAE0A9A0BF1010BBBE731463E
:10520000DDE908232846B8470130C0D18DE60A9A67
:105210004B46314628464244B8470130C3D184E664
:10522000DDF838A0BAF1010F01DCDB0736D5012328
:10523000424631462846B84701303FF476AEDDE9B4
:10524000082331462846B84701303FF46EAED4E912
:105250001201002200230AF1FF3AFBF7A5FBC0B9B7
:10526000534608F1010231462846B84701300CD1B7
:105270005BE601235A4631462846B84701303FF4E1
:1052800054AE08F10108D045F3DB4B4604F150025F
:10529000E0E64FF0000804F11A0BF4E70123424660
:1052A000E1E701234A4631462846B84701303FF43A
:1052B0003CAE08F10108E3680F995B1A4345F0DC46
:1052C000FDE64FF0000804F11909F4E72DE9F04775
:1052D000164698468A680B6907469342B8BF13463C
:1052E000336091F843200C46DDF820900AB1013379
:1052F00033602368990642BF336802333360256800
:1053000015F0060506D104F1190AE36832689B1A04
:10531000AB422BDC94F843302268003B18BF0123DA
:10532000920630D44146384604F14302C847013062
:1053300023D02368226903F00603042B14BF002541
:1053400033684FF0000608BFE56804F11A0408BF8F
:10535000ED1A54F8123C08BF25EAE5759342C4BF24
:105360009B1AED18B5421AD1002008E001235246DD
:1053700041463846C847013003D14FF0FF30BDE801
:10538000F0870135C1E73020E11881F843005A1C4D
:1053900094F845102244023382F84310C2E70123F7
:1053A000224641463846C8470130E6D00136D9E7A3
:1053B0002DE9FF470F7E9146782F80460C469A468E
:1053C0000C9E01F1430207D8622F0AD8002F00F08B
:1053D000D180582F00F0B88004F1420684F8427062
:1053E0003AE0A7F16303152BF6D801A151F823F099
:1053F000495400085D540008D9530008D9530008E7
:10540000D9530008D95300085D540008D953000847
:10541000D9530008D9530008D95300085B55000838
:105420008754000815550008D9530008D9530008BF
:105430007D550008D953000887540008D953000847
:10544000D95300081D55000833681A1D1B683260C7
:1054500004F1420684F8423001239CE0336820685E
:10546000191D3160060601D51D6803E04506FBD510
:10547000B3F90050002D03DA2D236D4284F8433038
:105480000A23584811E021683368080653F8045B82
:1054900002D4490648BFADB26F2F336014BF0A2350
:1054A00008235048002184F843106668002EA66047
:1054B00005DB21682E4321F0040121604BD0164604
:1054C000B5FBF3F103FB1157C75D06F8017D2F46CD
:1054D000BB420D46F4D9082B0BD12368DF0708D552
:1054E000236961689942DEBF302306F8013C06F16A
:1054F000FF36921B22614B4621464046CDF800A064
:1055000003AAFFF7E3FE01304AD14FF0FF3004B0A9
:10551000BDE8F087236843F02003236078273248F2
:1055200084F84570236831681F0651F8045B02D483
:105530005F0648BFADB23160D90744BF43F02003D6
:1055400023601DB11023ADE72648E9E7236823F067
:1055500020032360F6E71646BDE733682568181D6B
:10556000616930602E061B6801D5196002E068068B
:10557000FBD51980002316462361BCE73368002160
:105580001A1D32601E686268304600F00EFC08B1D9
:10559000801B606063682361002384F84330AAE7BE
:1055A0003246494640462369D0470130ADD0236892
:1055B0009B0713D4E068039B9842B8BF1846A6E740
:1055C0000123324649464046D04701309DD001353F
:1055D000E36803995B1AAB42F2DCEBE7002504F1C8
:1055E0001906F5E7229F0008339F00082DE9F04FC8
:1055F00087B003938B6891465A1EB2F5AE7F82BF87
:105600006FF4AE7503EB050B40F25D130A464FF0E5
:10561000000588BF8B600B68804643F4F06342F856
:105620001C3B0C4698BF4FF0000B1646AA462F466F
:10563000CDE9045501920295A2685AB1D9F800301B
:105640001B784E2B62D8402B3AD8A3F12B01C8B25D
:105650000E2838D91FB1236823F4807323600AF120
:10566000FF3ABAF1010F00F21481019B9E4200F251
:105670000581012007B0BDE8F08FA3F161020D2A7A
:10568000E8D801A151F822F0D1570008555600087A
:1056900055560008555600082D58000807580008B0
:1056A0005556000855560008DF57000855560008A3
:1056B0005556000855560008555600089B570008D7
:1056C000A3F14102DBE70E29C4D801A050F821F074
:1056D0008B570008555600088B5700081B580008C8
:1056E000555600082D5700087157000871570008DB
:1056F000715700087157000871570008715700086A
:105700007157000871570008715700086E2B09D8AF
:10571000602BB2D8542B7BD0592B9BD1072D99D11C
:1057200008252FE0742B73D0792BF6E72168C80584
:105730001ED521F0800121600137BBF1000F03D09D
:1057400001320BF1FF3BA260A368013BA360236918
:1057500001332361D9F80430013B002BC9F8043030
:1057600040F38380D9F800300133C9F8003063E793
:105770001AEB05017FF46EAF0D468A46226822F4CB
:10578000C072226006F8013BDEE7226810067FF552
:1057900061AF22F080022260F4E7BAF1000F0CD171
:1057A00077B9226802F4E061B1F5E06F08D122F424
:1057B000F0624FF0010A2260E4E7BAF1020F51D023
:1057C000012D02D0042D7FF445AF0135EDB2D9E7AC
:1057D000BAF1010F7FF43EAF4FF0020AD2E775B97C
:1057E000002F7FF438AF226802F4E061B1F5E06F7A
:1057F00040F0FF8022F4F06201252260C2E7032D11
:10580000E3D0052DDFE7022D7FF424AF0325B9E7B0
:10581000062D7FF41FAF0725B4E7226891057FF5B9
:1058200019AF22F4207222600297ABE7226802F4DB
:10583000A061B1F5806F05D050057FF50BAF002F4B
:1058400000F0D780910558BF029922F4F06258BF4A
:10585000791A42F4C0724FF0000758BFCDE9041620
:1058600022608FE74FF0030A8CE749464046D4F8A0
:105870008031984700283FF4DFAEEBE6D4F87C3166
:105880004A46404616F8011D98472369013B2361AB
:10589000EBE66B1E062B24D8022D36D8019B9E42C8
:1058A0007FF6E7AED4F87C314A46404616F8011D33
:1058B00098472369013B2361F0E7D4F87C314A46DD
:1058C00040461BF8011D98472369013B23610AF1FB
:1058D000FF3A5FFA8AFABAF1020FEED1033DEDB258
:1058E000761B2368DA0530D55B0511D5019B9E42F6
:1058F0007FF6BFAED4F87C314A46404616F8011D0B
:1059000098472369013B2361F0E7AA46B346DEE7E7
:1059100016F8011C2369652903F1FF3306F1FF35F1
:1059200023610CD045290AD0D4F87C314A46404640
:105930009847236916F8021C013BB51E23614A46AD
:105940004046D4F87C3198472E46226812F0100267
:1059500001D000208EE63270236803F4C063B3F5F3
:10596000806F25D1029B9F420AD0DA1B04F26F138D
:105970009E4228BF04F5B77630461F4900F002F971
:1059800000224046019902F027FC039B25681B6812
:1059900015F0020F06460F4603F1040215D00399D5
:1059A0000A601B68C3E90067E3680133E360D0E77E
:1059B000049B002BE4D005990A234046013102F0F4
:1059C0008BFC049B059EC21AD0E76D07E7D4039DAC
:1059D0002A601D6802460B46FBF718F820B10748FD
:1059E00000F000FA2860DFE730463946FBF76CF834
:1059F000F8E7002733E600BF449F0008A0A0000896
:105A0000002310B50446C0E90033C0E904338360C5
:105A100081814366C2818361194608225C3000F0AF
:105A200044F90D4B246263620C4BA3620C4BE3629E
:105A30000C4B23630C4B9C4206D003F1680294424A
:105A400002D0D0339C4205D104F15800BDE810408B
:105A500000F0A8B910BD00BF215C0008475C000839
:105A60007F5C0008A35C0008B0040020024A0349E0
:105A7000034800F069B800BF0C000020C18C00088A
:105A80001C00002041680C4B10B59942044601D01F
:105A900003F016F9A168094B994202D0204603F0A1
:105AA0000FF9E168064B994204D02046BDE810404A
:105AB00003F006B910BD00BFB00400201805002097
:105AC0008005002010B50B4B0B4C0C4A20461A6089
:105AD00004210022FFF794FF04F16800012209214C
:105AE000FFF78EFF04F1D0000222BDE81040122122
:105AF000FFF786BFE8050020B00400206D5A0008BB
:105B0000014800F050B900BFF1050020014800F045
:105B10004BB900BFF105002010B50446FFF7F0FFB8
:105B2000236A1BB1BDE81040FFF7F0BF044B2362AE
:105B3000044B1B68002BF5D1FFF7C4FFF2E700BF51
:105B4000855A0008E80500202DE9F84307468846F5
:105B500014460026D4E90195B9F1010905D5246858
:105B6000002CF7D13046BDE8F883AB89012B07D96B
:105B7000B5F90E30013303D029463846C0470643F5
:105B80006835E9E70EB46FF0004110B500249DB010
:105B90001FAB02900690079104910948094953F8F8
:105BA000042B0591006802A901931B9402F0F2FBFB
:105BB000029B1C701DB0BDE8104003B0704700BFD1
:105BC000180000200802FFFF0EB44FF4017270B5F8
:105BD00000259DB021AC54F8046BADF814201B9542
:105BE00002900690FAF7B4FA0B4B03900B934FF622
:105BF000FF7307900948ADF816303246234602A9D4
:105C000000680F951495019402F01AFD1DB0BDE8CF
:105C1000704003B0704700BF435C000818000020CC
:105C200010B50C46B1F90E1000F06EF80028ABBFAD
:105C3000636DA3891B1823F48053ACBF6365A381F4
:105C400010BD002070472DE9F0411F468B890546A5
:105C5000DB050C46164605D502230022B1F90E10CD
:105C600000F040F8A389324623F48053A3812846EC
:105C70003B46B4F90E10BDE8F04100F057B810B53E
:105C80000C46B1F90E1000F02DF8431CA38915BF86
:105C9000606523F4805343F48053A38118BFA3812C
:105CA00010BDB1F90E1000F00DB803460244934246
:105CB00000D1704703F8011BF9E700000048704766
:105CC0005801002038B50023054D044608462B60D6
:105CD000FCF77DFC431C02D12B6803B1236038BD67
:105CE000EC05002038B50446084611460022054D53
:105CF0002A601A46FCF78FFC431C02D12B6803B1C3
:105D0000236038BDEC05002038B50446084611462E
:105D10000022054D2A601A46FCF720FC431C02D1E4
:105D20002B6803B1236038BDEC05002038B504466C
:105D3000084611460022054D2A601A46FCF72BFC46
:105D4000431C02D12B6803B1236038BDEC05002051
:105D5000014B1868704700BF1800002070B500267E
:105D60000C4D0D4C641BA410A64209D104F060F840
:105D700000260A4D0A4C641BA410A64205D170BD32
:105D800055F8043B98470136EEE755F8043B984731
:105D90000136F2E770A3000870A3000870A30008A2
:105DA00074A30008704770477047034610B5C9B226
:105DB00002449342184601D1002003E004780133E5
:105DC0008C42F6D110BD0A44914200F1FF3300D15C
:105DD000704710B511F8014B914203F8014FF9D10A
:105DE00010BD0000004870470000C07F2DE9F74F4C
:105DF00003690C690746A3427EDB013CA30000F166
:105E0000140501F11408009305EB8403019358F87D
:105E1000243055F8242001339A42B2FBF3F608EB04
:105E200084092ED34FF0000AC446AE46D3465CF830
:105E3000043B98B206FB00A01B0C020C06FB0323DC
:105E4000DEF8002080B292B2121A5A44DEF8000046
:105E50004FEA134A9BB2C3EB224303EB104392B2C7
:105E600042EA0342E1454FEA234B4EF8042BDED2CF
:105E7000009BEB582BB9019B043B9D421A462FD344
:105E80003C61384601F0CAF9002825DB294600208C
:105E900058F8042BD1F800C01FFA82FE1FFA8CF3C9
:105EA000A3EB0E030344120CC2EB234202EB1C4291
:105EB0009BB243EA0243C1454FEA224041F8043B0A
:105EC000E6D255F8242005EB840322B9043B9D4219
:105ED0001A460BD33C610136304603B0BDE8F08F63
:105EE0001268043B002ACBD1013CC6E71268043B90
:105EF000002AEFD1013CEAE70020EEE700000000B5
:105F00002DE9F04F14461D46C76997B08146CDE98B
:105F10000645239E7FB9102000F00EFE0246C9F808
:105F20001C0020B9EF21AC4BAC4802F0A5FFC0E942
:105F300001770760C760D9F81C30196859B15A68F1
:105F4000012393404A608B60484600F0EBFE00223C
:105F5000D9F81C301A602B1EAFBF0023012223F09A
:105F600000430793A8BF3360DDF81C809C4BB8BF8B
:105F7000326033EA080312D142F20F73229A13609F
:105F8000C8F31303234300F05E85249BDFF854A27B
:105F9000002B00F060850AF1030300F05ABDDDE933
:105FA0000623CDE90C23DDE90C0100220023FAF7DA
:105FB000FBFC074658B10123229A1360249B13B1BE
:105FC000894B249A1360DFF824A200F044BD14AB7F
:105FD000019315AB00934846DDE90C2301F036FA36
:105FE000C8F30A560390002E78D0DDE90C010D9B12
:105FF000A6F2FF36C3F3130343F07F5343F4401379
:106000001297194600227A4BFAF7AEF86CA3D3E93F
:106010000023FAF761FA6CA3D3E90023FAF7A6F894
:10602000044630460D46FAF7EDF969A3D3E900239B
:10603000FAF752FA02460B4620462946FAF796F836
:1060400004460D46FAF7F8FC0022074600232046D6
:106050002946FAF7B3FC40B13846FAF7D3F922469D
:106060002B46FAF7A1FC00B9013F162F54D8DDE901
:106070000C01604B03EBC703D3E90023FAF79EFC46
:1060800000284BD00023013F0F93149B9B1B5A1EEB
:1060900049BFC3F10103002304930023099254BFB5
:1060A00004930993002F3BDB099B0E973B44099314
:1060B00000230A93209B092B65D8052BC4BF043B02
:1060C0002093209BC8BF0024A3F10203D8BF012462
:1060D000032B64D8DFE803F05355382CDDE9146353
:1060E0001E4406F23243202BC1BFC3F1400308FA1D
:1060F00003F806F2124324FA03F3D6BFC3F12003D8
:1061000048EA030004FA03F0FAF76CF90122A1F15E
:10611000F873013E129274E70123B5E70F90B4E7DC
:10612000049BDB1B04937B420A9300230E93C1E77D
:1061300001230B93219B07EB030B0BF10103012BB5
:106140000893B8BF012306E001230B93219B002B8A
:1061500028DD9B46089300210422D9F81C0002F197
:1061600014059D4226D94160484600F09BFD8246B9
:10617000002843D1024640F2AF111F4BD4E6002362
:10618000E3E70023D5E7012400230B9420934FF08D
:10619000FF3B00221223CDF820B02192DBE7012340
:1061A0000B93F4E74FF0010B5B46CDF820B0CDF830
:1061B00084B0D0E701315200D1E700BFAFF30080D7
:1061C00061436F63A787D23FB3C8608B288AC63FFD
:1061D000FB799F501344D33F569F00086D9F0008E2
:1061E0000000F07F529F000859A0000858A0000846
:1061F0000000F83F38A10008C59F0008D9F81C30FE
:106200001860089B0E2B00F2A180002C00F09E80ED
:10621000002F33DD9C4B07F00F0203EBC203F805A0
:10622000D3E90034CDE910344FEA271416D5DDE95F
:106230000C01964B0326D3E90823FAF777FACDE948
:10624000060104F00F04914D54B9DDE91023DDE996
:106250000601FAF76BFACDE9060128E00226F2E71B
:10626000E10708D5DDE91001D5E90023FAF734F993
:10627000CDE91001013664100835E5E700F0AF8084
:10628000DDE90C017C42804B04F00F0203EBC203FA
:10629000D3E90023FAF720F902260023CDE906010D
:1062A0007A4D2411002C40F08F80002BD3D1DDE9F2
:1062B00006450F9B002B00F09480002220462946C3
:1062C000734BFAF77BFB002800F08B80089B002BB8
:1062D00000F08780BBF1000F34DD20460022294604
:1062E0006C4BFAF7F9F85C46CDE9060107F1FF3887
:1062F00001363046FAF786F8DDE90623FAF7ECF8BE
:106300000022654BF9F732FF0546A1F15076002CCB
:106310006AD1DDE906010022604BF9F725FF02464C
:106320000B46CDE906232A463346FAF765FB0028DB
:1063300040F09882DDE906012A4606F10043FAF7AB
:106340003DFB38BBDDE90C34CDE90634159B002B51
:10635000C0F257810E2F00F354814B4B03EBC70360
:10636000D3E90034CDE90434219B002B80F2E58091
:10637000089B002B00F3E1800CD1DDE90401002231
:10638000464BFAF7A9F8DDE90623FAF72BFB0028BC
:1063900000F0668200242546219B56466FEA0308DA
:1063A00000272146484600F0BDFC002D00F0BD80CE
:1063B0002FB1AF4203D03946484600F0B3FC29461E
:1063C000484600F0AFFCB0E0E20705D5D5E9002370
:1063D000FAF782F8012301366410083562E70226D5
:1063E00065E7B846089C84E7274B0B9903EBC40389
:1063F00053E902235444002954D000202849FAF7D5
:1064000095F933462A46F9F7AFFE5646CDE9100115
:10641000DDE90601FAF710FB0546F9F7F3FF02463E
:106420000B46DDE90601F9F79FFE02460B463035C3
:10643000CDE90623DDE9102306F8015BFAF7BEFA81
:10644000002872D1DDE9062300201149F9F78CFEFE
:10645000DDE91023FAF7B2FA002840F0B480A64232
:106460003FF470AFDDE9100100220A4BFAF734F86F
:106470000022CDE91001DDE90601064BFAF72CF800
:10648000CDE90601C4E700BF38A1000810A100084B
:106490000000F03F0000244000001C4000001440B9
:1064A0000000E03F31462846FAF716F85646CDE997
:1064B00010011394DDE90601FAF7BEFA0546F9F773
:1064C000A1FF02460B46DDE90601F9F74DFE024643
:1064D0000B46303506F8015BA642CDE906234FF0A6
:1064E000000224D1DDE91001AE4BF9F73FFE024670
:1064F0000B46DDE90601FAF77FFA002863D1DDE9F2
:1065000010230020A749F9F72FFE02460B46DDE9CC
:106510000601FAF753FA00283FF414AF139E731ED6
:10652000139316F8013C302BF8D047463BE09E4BC6
:10653000F9F7D2FFCDE90601BCE75646DDE906458D
:10654000DDE9042320462946FAF7F0F8FAF774FA51
:106550008046F9F757FFDDE90423F9F7BDFF02464E
:106560000B4620462946F9F7FFFD08F13004089D47
:1065700006F8014BA6EB0A04A54202460B4633D1AE
:10658000F9F7F4FDDDE9042304460D46FAF734FA81
:10659000C0B9DDE9042320462946FAF705FA10B10F
:1065A00018F0010F0ED14846039900F0BBFB002301
:1065B0003370229B01371F60249B002B00F04B821D
:1065C0001E6048E2B84633461E4613F8012D392AAC
:1065D00006D19A45F8D1302208F101088AF8002046
:1065E0001A7801321A70A0E700226F4BF9F774FF96
:1065F0000022002304460D46FAF7D6F900289FD062
:10660000D1E70B9A002A00F0EA80209A012A00F3D1
:10661000CD80129A002A00F0C18003F233430A9C15
:10662000049E049A01211A440492099A48461A4485
:10663000099200F075FC054666B1099B002B09DD47
:10664000B342A8BF3346049AF61AD21A0492099AA2
:10665000D31A09930A9B0BB30B9B002B00F0C68047
:10666000002C00F0C08029462246484600F010FD6C
:10667000039A01460546484600F068FC03998046A7
:10668000484600F04FFB0A9B1B1B0A9300F0B180A9
:1066900041460A9A484600F0FBFC03900121484617
:1066A00000F03EFC0E9B0446002B00F0D8811A46F9
:1066B0000146484600F0ECFC209B0446012B00F309
:1066C0009F80069B002B40F09780079BC3F313032A
:1066D000002B40F09380079B23F000431B0D1B050C
:1066E00033B1049B01330493099B013309930123C4
:1066F0000A930E9B002B00F0B881236904EB8303FF
:10670000186900F0C1FBC0F12000099B184410F08B
:106710001F0000F08280C0F12003042B73DD049B76
:10672000C0F11C0003440493099B064403440993ED
:10673000049B002B05DD1A464846039900F002FD34
:106740000390099B002B05DD21461A46484600F0C0
:10675000F9FC04460F9B002B61D02146039800F002
:106760005DFD00285BDA00230A224846039900F009
:10677000FBFA0B9B07F1FF380390002B00F07781A9
:10678000294600230A22484600F0EEFABBF1000F2A
:1067900005466FDC209B022B49DC6BE0149BC3F1A8
:1067A00036033CE70000E03F00002440089B5C1EED
:1067B0000A9BA34209DB1C1B089B002BBFF630AFD2
:1067C000049B089A9E1A00232BE70A9B0E9AE31A51
:1067D0001A440A94049E0024089B0E9221E70A9C06
:1067E000049E0B9D28E7DDF80C8051E70A9A039977
:1067F00050E7CDF80C8051E7002379E7069B77E757
:1068000000230A9379E793D0049A1C331A44049224
:10681000099A1E441A4409928AE70346F4E7089B42
:10682000B846002B20DC9B46209B022B1EDDBBF1D3
:10683000000F7FF4B1AD21465B460522484600F0CB
:1068400093FA01460446039800F0E8FC00287FF71D
:10685000A3AD5646312308F1010806F8013B9FE538
:10686000B846089C2546F4E7DDF820B00B9B002BCA
:1068700000F00181002E05DD29463246484600F031
:1068800061FC05460A9B002B5CD04846696800F015
:1068900009FA064628B9024640F2EF21804BFFF77D
:1068A00043BB2A6905F10C01023292000C30FFF75C
:1068B0008AFA01223146484600F044FC2F4605463C
:1068C0000AF1010304930AEB0B030A93069B03F0FE
:1068D00001030993049B2146039803F1FF3BFFF753
:1068E00085FA034639463033069003980B9300F03F
:1068F00095FC2A4608902146484600F0ABFCC26849
:1069000006460B9B02BB0146039800F087FC02463B
:106910000B9B31464846CDE90B3200F003FA209B31
:106920000C9A049E42EA0301099B19430B9B0DD16B
:10693000392B27D0089A002A01DD069B31338BF8CA
:1069400000302EE52846B9E70122E2E70899002940
:1069500004DB209801430998014320D1002AEEDD91
:10696000012203994846049300F0ECFB2146039072
:1069700000F054FC0028049B02DCE0D1DA07DED5ED
:10698000392BDAD139238BF8003033461E4616F8FE
:10699000012C013B392A4ED001321A7001E5002A40
:1069A00003DD392BEED00133C9E7049A0A9902F8C6
:1069B000013C8A4228D000230A220399484600F06D
:1069C000D3F9AF4203904FF000034FF00A0239466B
:1069D000484607D100F0C8F907460546049B013335
:1069E000049377E700F0C0F92946074600230A22FE
:1069F000484600F0B9F90546F0E7BBF1000FCCBFFF
:106A00005E46012600275644012203994846049316
:106A100000F098FB2146039000F000FC0028B4DC55
:106A200002D1049BDB07B0D433461E4613F8012D78
:106A3000302AFAD0B5E49A45A8D1312308F10108EB
:106A40008AF80030ADE4249BDFF858A01BB10AF1AE
:106A50000803249A1360504617B0BDE8F08F209BBE
:106A6000012B7FF72EAE0E9B0A9301204DE6BBF162
:106A7000000F7FF7D9AE564621460398FFF7B6F9C7
:106A800000F1300306F8013BA6EB0A029345B4DDA2
:106A900000230A224846039900F066F90390EBE7C9
:106AA000C59F0008499F000838B50546002940D019
:106AB00051F8043C0C1F002BB8BFE41800F0E6F8B6
:106AC0001C4A136833B9636014602846BDE8384037
:106AD00000F0E2B8A34208D9206821188B4201BF18
:106AE00019685B6809182160EDE71A465B680BB10D
:106AF000A342FAD911685018A0420BD12068014472
:106B0000501883421160E0D118685B680844106037
:106B10005360DAE702D90C232B60D6E720682118EE
:106B20008B4201BF19685B6809182160636054607B
:106B3000CBE738BDF8050020024B0146186800F08D
:106B400025B800BF1800002070B50F4E0C46316804
:106B5000054611B902F07AF930602146284602F064
:106B600075F9431C03D14FF0FF34204670BDC41C9F
:106B700024F00304A042F8D0211A284602F066F956
:106B80000130F2D1EFE700BFF40500202DE9F84312
:106B9000CD1C25F0030508350C2D38BF0C25002D24
:106BA000064601DBA94204D90C2333600020BDE86E
:106BB000F883DFF8D48000F069F8D8F800301C467C
:106BC00044BB29463046FFF7BFFF431C044658D15B
:106BD000D8F800402746002F43D1002C4BD0236823
:106BE0003946304604EB030902F030F9814542D1C1
:106BF000216830466D1A2946FFF7A6FF01303AD0CA
:106C000023682B442360D8F800305A6862BBC8F868
:106C100000700FE02268521B20D40B2A17D961198B
:106C2000A342256018BF5960636808BFC8F8001008
:106C300062514B60304600F02FF804F10B00231D29
:106C400020F00700C21A1CBF1B1AA350AFE76268EE
:106C5000A3420CBFC8F800205A60EBE723466468E3
:106C6000AEE73C467F68B6E71A465B68A342FBD1B5
:106C700000235360DEE70C233046336000F00CF84D
:106C800094E70560D6E700BFF80500200148FFF74C
:106C90008AB800BFF00500200148FFF785B800BFA3
:106CA000F005002070B5C66904460D4676B910207F
:106CB000FFF742FF0246E06120B96B21174B1848ED
:106CC00002F0DAF8C0E901660660C660E669F368BA
:106CD00083B1E369DB6853F82500B8B9012101FAF3
:106CE00005F6721D2046920002F0E4F860B1C0E99A
:106CF00001560EE021220421204602F0DBF8E36970
:106D0000F060DB68002BE4D1002070BD026843F81E
:106D100025200023C0E90333F7E700BF569F000892
:106D2000D69F000870B5C66905460C4676B9102096
:106D3000FFF702FF0246E86120B98F21084B09489E
:106D400002F09AF8C0E901660660C6603CB1EB69E2
:106D50006268DB6853F82210216043F8224070BD5E
:106D6000569F0008D69F00082DE9F04107460C46C3
:106D70001E4600200D6901F1140CDCF800300130D2
:106D800099B202FB01611E0C0B0C02FB063389B2A7
:106D900001EB034185424FEA13464CF8041BECDC3F
:106DA0000EB3A368AB4219DC616838460131FFF7C6
:106DB00079FF804628B90246BA210C4B0C4802F0F4
:106DC0005BF8226904F10C01023292000C30FEF7EC
:106DD000FAFF21463846FFF7A5FF444604EB85033A
:106DE00001355E6125612046BDE8F081C59F000840
:106DF000D69F00082DE9F843154609221F4608339F
:106E00000C4693FBF2F30646012200219A4209DB6D
:106E10003046FFF747FF40B90246D321184B1948C7
:106E200002F02AF852000131F0E7089B092D436176
:106E30004FF00103036116DD04F10909C8462C4433
:106E400018F8013B01460A223046303BFFF78CFF21
:106E5000A045F5D1A5F108044C442D1B6319BB4294
:106E600004DBBDE8F88309250A34F6E714F8013B92
:106E700001460A223046303BFFF776FFEEE700BFBF
:106E8000C59F0008D69F00080346B0F5803F3ABF73
:106E9000030410200020B3F1807F3CBF1B020830A8
:106EA000B3F1805F3CBF1B010430B3F1804F3CBFA6
:106EB0009B000230002B05DB13F0804F00F1010036
:106EC00008BF202070470368024613F007000BD06C
:106ED000D90721D4980749BF5B089B08012013609C
:106EE0005CBF02201360704799B209B910201B0CD7
:106EF000D9B209B908301B0A190704BF1B090430AD
:106F0000990704BF9B080230D90703D45B0800F13E
:106F1000010003D0136070470020704720207047A5
:106F200010B50C460121FFF7BDFE024628B940F21C
:106F30004511044B044801F09FFF012344610361A4
:106F400010BD00BFC59F0008D69F00082DE9F04F77
:106F500017460A693B6989469A42A2BF3B460F46DB
:106F600099463D69D9F810A0BB68796805EB0A0617
:106F7000B34285B0B8BF0131FFF794FE30B9024685
:106F80004FF4B171404B414801F076FF00F1140419
:106F90002346002204EB860E734520D307F1140824
:106FA00009F1140108EB850501EB8A030293EB1B41
:106FB000153B23F0030304331537BD4238BF0423C8
:106FC0000193029B03918B420CD8002E03DD5EF8E7
:106FD000043D002B55D0066105B0BDE8F08F43F8A5
:106FE000042BD9E7B1F800A0BAF1000F1FD0C446B6
:106FF000A14600275CF8042BD9F800301FFA82FB69
:107000009BB20AFB0B333B44D9F80070120C3F0CC7
:107010000AFB027202EB13429BB243EA024365454C
:107020004FEA124749F8043BE4D8019BE750039B21
:107030000431B3F80290B9F1000F20D04746A446BE
:107040004FF0000A2368B7F800B0BCF802209BB2EA
:1070500009FB0B22524443EA02434CF8043B57F825
:10706000043B4FEA134ABCF80030BD4209FB0A3327
:1070700003EB12434FEA134AE5D8019AA3500434B4
:107080009FE7013EA1E700BFC59F0008D69F00080B
:107090002DE9F843154612F0030207460E4607D0C5
:1070A000254C013A002354F82220FFF75DFE0646E6
:1070B000AD103DD0FC697CB91020FFF73DFD0246C4
:1070C000F86128B940F2B3111C4B1D4801F0D4FE01
:1070D000C0E901440460C460D7F81C80D8F80840B7
:1070E0004CB940F271213846FFF71AFF00230446DD
:1070F000C8F8080003604FF00009EB070AD53146D5
:1071000022463846FFF722FF804631463846FFF7D1
:1071100009FE46466D100BD0206838B9224621463C
:107120003846FFF713FF2060C0F800900446E4E7FC
:107130003046BDE8F88300BF04A10008569F000850
:10714000D69F00082DE9F0470C4607469146236973
:10715000496803EB6218A3684FEA621A08F1010656
:10716000B3420BDB3846FFF79DFD054648B90246A2
:107170004FF4EF71274B284801F07EFE01315B0090
:10718000EEE7002300F1140100F110021846534508
:1071900033DB20692AEAEA7A04F1140319F01F09A3
:1071A00001EB8A0103EB800C2BD08A460022C9F147
:1071B000200E186800FA09F010434AF8040B53F83F
:1071C000042B9C4522FA0EF2F3D8ACEB0403153BDA
:1071D00023F00303043304F11500604588BF042342
:1071E000CA500AB108F10206013E384621462E6116
:1071F000FFF798FD2846BDE8F08742F8040F0133F9
:10720000C5E7043953F8042B9C4541F8042FF9D8FD
:10721000EAE700BFC59F0008D69F000803460A6939
:10722000006930B5801A0ED11433143103EB820497
:1072300001EB820154F8045D51F8042D954203D00E
:1072400005D24FF0FF3030BDA342F3D3FBE701205E
:10725000F9E700002DE9F74F8946064611464846F2
:107260001446FFF7DBFF051E12D129463046FFF713
:1072700019FD024628B940F237213E4B3E4801F045
:10728000FBFD0123C0E90435104603B0BDE8F08FD3
:10729000BCBF4B46A1463046D9F80410BABF1C46C5
:1072A00001250025FFF7FEFC024618B940F24521F2
:1072B000304BE3E700F1140BD9F8107009F110031B
:1072C000C5604FF0000C09F11405D946266904F198
:1072D000140E05EB87080EEB86060193019B5EF802
:1072E000040B53F804AF81B201931FFA8AF35B1ABF
:1072F000000C6344C0EB1A4000EB23409BB243EA0E
:10730000004376454FEA204C49F8043BE6D8331B4E
:10731000153B23F0030315340433A64238BF04237E
:107320001D445B441E462C4644450ED308F1030120
:10733000491B21F00301033DA84538BF00210B4440
:1073400053F8041D99B117619EE7E64654F8041BF3
:107350001FFA81FCF444080C714400EB2C4089B204
:1073600041EA00414FEA204C46F8041BDCE7013FAC
:10737000E6E700BFC59F0008D69F00080E4B0B40F4
:10738000A3F15073002B08DC5B42B3F1A07F4FEAFE
:10739000235204DA4FF400231341002208E0A2F143
:1073A00014031E2BD6BF4FF000420122DA40002307
:1073B00019461046704700BF0000F07F0269F8B51B
:1073C00000F1140606EB820252F8044C1E4F2046D0
:1073D000FFF75AFD0346C0F120000A2BA2F1040575
:1073E000086012DCAE422CBF002252F8082CC3F118
:1073F0000B0C153324FA0CFE04FA03F322FA0CF2F8
:107400004EEA07011A431046F8BDAE4236BFA2F15C
:107410000805002252F8082C0B3B12D0C3F12007BC
:1074200022FA07F19C400C43B54244F07F5194BFCF
:10743000002455F8044C9A40FC4041F4401122438A
:10744000E1E744EA0701DEE70000F03F2DE973437E
:10745000012190469946089EFFF724FC044630B966
:10746000024640F20F31234B234801F005FDC9F3DA
:107470000A55C9F313030DB143F480130193B8F116
:10748000000324D068460093FFF71DFDDDE90012DC
:10749000D8B1C0F1200302FA03F30B43C240636189
:1074A0000192019B002B0CBF01220222A3612261E9
:1074B000ADB1A5F2334505443560C0F13500099BF7
:1074C0001860204602B0BDE870836161E9E701A859
:1074D000FFF7F9FC019B012263612030E7E7A0F28E
:1074E000324004EB820330601869FFF7CDFCC0EB3B
:1074F0004210E4E7C59F0008D69F00082DE9F04F31
:1075000085B0CDE9001002A9FFF758FF8B4606466B
:107510000F46009803A9FFF751FF0D46019B8946CE
:107520001969009B04461B693046C91ADDE902321D
:107530009B1A03EB4113002BCDBF3A462A46C3EBFF
:10754000033302EB035BD8BF02EB03594B462246E1
:107550005946F9F7EBF805B0BDE8F08F013970B581
:1075600049111469013102F1140300EB810103EBAD
:107570008404051FA3420CD3A31A113B23F0030379
:107580001132A24288BF002318440023884205D349
:1075900070BD53F8046B45F8046FEBE740F8043B0B
:1075A000F4E700F1140200694B11984210B511DBA9
:1075B0000ADD11F01F0107D052F8234024FA01F030
:1075C00000FA01F18C420BD102EB8303934203D802
:1075D000002010BD0346F7E753F8041D0029F5D03D
:1075E0000120F6E72DE9F0410F469046FFF7C6FE71
:1075F00004460D46B8F1000F11D0C7F30A53C3F18A
:107600006B03002B0BDD00241B0503F17F5505F5F3
:10761000401522462B46F8F75FFF04460D462046EC
:107620002946BDE8F08100002DE9F04F9FB0179288
:1076300000220C461A924FF0000A4FF0000B0A4647
:107640000590199211782B2948D036D80D2930D8B9
:10765000082930D8002939D000220E92199D2A78A5
:10766000302A40F0B0806A7802F0DF02582A6CD1EC
:1076700002930E9B8F4A01931AAB009305981BABA4
:1076800019A901F093FC10F00F06044605D0062E50
:1076900026D10023013519950E93179B002B40F03E
:1076A00082850E9BBBB150460BF100411FB0BDE877
:1076B000F08F2029D0D10132C3E72D29CCD101216F
:1076C0000E91511C19915278002AC7D1179B199419
:1076D000002B40F0668550465946E7E70021EFE76A
:1076E0001A9A3AB135211CA8FFF738FF1A99059864
:1076F000FFF718FB013E1B9A042E06D8DFE806F0C0
:1077000014031D201400DDE91CABE10548BF4BF05C
:10771000004B2BF000431B0D1B05002BBDD1FEF7CA
:1077200017FB22230360B8E702F23342DDE91CA312
:1077300023F4801343EA025BE7E7DFF87CB1E4E778
:107740006FF0004B4FF0FF3ADFE7199B5A1C19927C
:107750005B78302BF9D0002B9FD0012300270A2221
:10776000B9460893199B0B970C9319980578A5F1C6
:107770003003D9B2092928D90122504901F053FB1D
:10778000002832D000202A4603464D460A90652A3A
:1077900001D0452A14D11DB9089A024396D000257C
:1077A000199C621C199262782B2A7AD02D2A7ED0DD
:1077B0004FF0000CA2F13001092940F285801994A4
:1077C0004FF00008A5E00023C8E7B9F1080FD8BFC3
:1077D0000B9900F10100D6BF02FB013302FB073712
:1077E0000B9309F101091990BFE7199B5A1C1992D3
:1077F0005A78B9F1000F3BD04D460A90A2F1300300
:10780000092B12D90123C2E7199B01305A1C199286
:107810005A78302AF8D0A2F13103082B00F2C8843C
:107820000A9000200546199B0C93303A00F10103A1
:1078300018D02E464FF00A0E0A9919440A91711C6D
:10784000A1EB050C634515DC20EAE0702B18082B32
:1078500005F1010505441ADC0A230B9903FB0123FA
:107860000B930023199A1846511C19915278C5E7B9
:107870004846CEE7082E05DC0B9E0EFB06F60B965F
:107880000E46DCE71029D8BF0EFB07F7F8E70F2BF1
:10789000DCBF0A2303FB0727E3E700230A93012346
:1078A0007AE74FF0000CA21C1992A27882E74FF001
:1078B000010CF8E714A200080000F07F2FA00008D8
:1078C000199A511C19915278302AF9D0A2F131013C
:1078D00008293FF675AF4FF00A08303A0992199A15
:1078E0000F92199A561C19965278A2F1300EBEF1D9
:1078F000090F39D90F9944F61F68761A082E03DC50
:1079000009998845A8BF8846BCF1000F01D0C8F18D
:107910000008002D4ED1089908437FF4BEAE002B1D
:107920007FF4D4AE692A28D025DC492A25D04E2AF6
:107930007FF4CCAE994919A801F05AFD00283FF414
:10794000C5AE199B1B78282B2ED195491CAA19A8C6
:1079500001F062FD052827D11D9BDDF870A043F0E2
:10796000FF4B4BF4E00B98E6099908FB0121A1F1CC
:1079700030020992B5E76E2ADAE78A4919A801F0C0
:1079800037FD00283FF4A2AE199B8749013B19A897
:10799000199301F02DFD10B9199B013319934FF084
:1079A000000ADFF808B278E6814801F05FFA824603
:1079B0008B4672E60A9BB9F1000F08BFA946A8EBF7
:1079C0000303102D0B982C460993A8BF1024F8F739
:1079D00009FD092D82468B4611DC099B002B3FF4E3
:1079E0005CAE099B76DD162B5DDC7249524601EBDD
:1079F000C3015B46D1E90001F8F76EFDD7E76D4B97
:107A000003EBC40353E91223F8F766FD82463846B8
:107A10008B46F8F7E7FC02460B4650465946F8F706
:107A2000A5FB0F2D82468B46D7DD099B2C1B1C44E2
:107A3000002C40F3938014F00F030AD05D495246A6
:107A400001EBC301D1E900015B46F8F745FD824631
:107A50008B4634F00F0473D0B4F59A7F49DD0024CF
:107A6000A046A1460B9422234FF0000A059ADFF8A6
:107A70003CB113600B9B002B3FF40FAE1A99059895
:107A8000FFF750F949460598FFF74CF9414605982C
:107A9000FFF748F90B990598FFF744F92146059837
:107AA000FFF740F9F9E5099AC5F125039342BCDBDC
:107AB000404CC5F10F0504EBC5015246D1E9000168
:107AC0005B46F8F709FD099B5D1B04EBC504D4E98F
:107AD000002391E71633A8DB0A9B5046A3EB080866
:107AE000344B594603EBC808D8E90023F8F71EFECB
:107AF0005DE70023504659461E462F4F2411012CA6
:107B000021DC0BB182468B462B49ABF1547B01EB58
:107B1000C6015246D1E900015B46F8F7DDFC234B74
:107B20000A460B40254982468B4298D8A1F5801120
:107B30008B4286BF4FF0FF3ADFF884B002F1547BEE
:107B40000023089376E0E20704D5D7E90023F8F78D
:107B5000C3FC0123013664100837D0E7F0D064423B
:107B600014F00F020AD0134B504603EBC2035946E0
:107B7000D3E90023F8F7DAFD82468B462411DFD0E3
:107B80001F2C1FDD0024A046A1460B942223059A3A
:107B90004FF0000A4FF0000B13606BE71F9F0008C7
:107BA00000A20008179F00084C9F00080000F07F0B
:107BB000A0A0000838A1000810A100080000A07CC7
:107BC000FFFFEF7F14F0100318BF6A23504608939D
:107BD00059460023774EE70704D5D6E90023F8F786
:107BE0007BFC0123641006F10806F4D10BB1824638
:107BF0008B46089BB3B1CBF30A52C2F16B03002B47
:107C000059460FDD1F2B58DD342BD8BF4FF0FF3303
:107C10004FF0000ACFBF4FF05C7BC2F14B029340A4
:107C200003EA010B0022002350465946F8F7BCFE38
:107C30000028A7D10B9B4A4600930C992B46059828
:107C4000FFF7D8F80B9000283FF409AF0024099AF9
:107C50000A9B002AA3EB0803A8BF0023A0461293A7
:107C600022EAE27316930B9B05985968FFF71AF8FE
:107C7000814600283FF4F7AE0B9B0C301A6903F1E4
:107C80000C0102329200FEF79EF81CAB01931BAB75
:107C9000009352465B460598CDE90CABFFF7D6FB47
:107CA0001A9000283FF4DFAE01210598FFF738F95C
:107CB000804648B94FF00008D5E64FF0FF3202FA8F
:107CC00003F303EA0A0AADE71B9D1C9A002DABBF24
:107CD000129B169BEF185E1B089BA8BF169EA5EB78
:107CE00003051544344B05F1FF35B8BF129F9D4283
:107CF000C2F1360250DA5B1B1F2B4FF00101A2EBE1
:107D000003023DDC01FA03F3139300231093BD1823
:107D1000089BAF4216441E443B46A8BF2B46B342C5
:107D2000A8BF3346002BC2BFED1AF61AFF1A129BEA
:107D3000002B16DD41461A460598FFF7A9F9804643
:107D40000028B7D001461A9A0598FFF7FFF80A9065
:107D500000283FF488AE1A990598FEF7E3FF0A9BC6
:107D60001A93002D1DDC099B002B27DD4946169A2E
:107D70000598FFF78DF9814600BB4FF0000972E6C8
:107D8000C5F17F4505F57F0505F57B45E23501FA2F
:107D900005F310931391BAE7002310930123139373
:107DA000B5E72A461A990598FFF7CCF91A900028EA
:107DB000D9D158E628A2000802FCFFFF002E07DDFB
:107DC000494632460598FFF7BDF981460028D4D0D0
:107DD000002F08DD41463A460598FFF7B3F9804683
:107DE00000283FF440AE4A461A990598FFF732FA48
:107DF000044600283FF437AEC36841460F93002382
:107E0000C360FFF70BFA00283DDA0F9B53EA0A0321
:107E100063D1CBF31303002B5FD12BF000431B0D79
:107E20001B05B3F1D66F58D9636913B92369012BC8
:107E300053DD214601220598FFF784F941460446A7
:107E4000FFF7ECF9002848DD2BF00043089A1B0DE2
:107E50001B05002A62D0B3F1D66F5FD8B3F15C7F07
:107E60007FF694AE50465946A34B0022F8F734FBF8
:107E7000A24B82460B408B46002B7FF4FFAD2223A2
:107E8000059A1360FAE5CDF828B065D10F9ACBF3C7
:107E900013035AB39A4A93422BD1089B514603B31A
:107EA0005A46964B1340B3F1D46F4FF0FF321BD8B4
:107EB0001B0DC3F16B0302FA03F3994219D1914BE5
:107EC0000A9A9A4202D101313FF4CDAD4FF0000A37
:107ED0008A4B0A9A1A4002F5801B089B002BC1D1DD
:107EE000CCE54FF0FF33E8E71346E6E753EA0A0331
:107EF000AAD0109BDBB10A9A1342EED00F9B5046DA
:107F00005946089ABBB1FFF76DFB02460B46DDE907
:107F10000C01F8F72BF982468B46DEE7A3F58013B8
:107F20006FEA135B4FF0FF3A6FEA0B5BD5E7139BE9
:107F300013EA0A0FE1E7FFF755FB02460B46DDE9BE
:107F40000C01F8F711F90022002382468B46F8F75E
:107F50002BFD0028C1D019E641462046FFF7CEFA96
:107F600000224FF0804306460F46F8F731FD002807
:107F70006DD00F9B002B78D1BAF1000F56D10A9B20
:107F8000C3F31303002B58D10022304639465E4B11
:107F9000F8F714FD002857D13046394600225B4BD4
:107FA000F8F79AFA06460F4607F10043069607933C
:107FB000DDE90623514DCDE910230A9B1D40544BAA
:107FC0009D4240F0AB800A9B5046A3F1547B59463A
:107FD000FFF7D4F9DDE90623F8F77EFA52465B464F
:107FE000F8F7C4F80B4645494A4A1940914282467F
:107FF00042D90D9A434B9A4203D10C9B01333FF473
:1080000032AD4FF0FF3ADFF8FCB01A990598FEF751
:1080100089FE49460598FEF785FE41460598FEF71C
:1080200081FE21460598FEF77DFE1CE6BAF1010FA0
:1080300003D10A9B002B3FF4A9AD0022364B00264A
:10804000CDE90623304FB3E70026304FACE730468A
:1080500039462E4B0022F8F73FFA0F9B06460F4693
:10806000002BA1D0CDE90667A2E70022264B1646D9
:108070001F46CDE906239BE703F1547B089BCDF80F
:1080800028B0002BC1D12BF000431B0D1B059D42D6
:10809000BBD130463946F8F7B3FEF8F7EFF90246A0
:1080A0000B4630463946F8F75FF80B460246CBF3ED
:1080B0001306CDE90C230F9B46EA0A061E436AD03D
:1080C00009A3D3E90023F8F779FC00287FF4D6ACA4
:1080D00007A3D3E90023DDE90C01F8F78DFC0028A4
:1080E00093D0CBE4AFF300809535A094FFFFDF3F42
:1080F00035E5AF350000E03F000050390000F07F6B
:10810000FFFF0F00FFFFEF7F0000F03F0000E03FA8
:108110000000E07FFFFF9F7C0000F0BF089B23B3BF
:10812000B5F1D46F21D828A3D3E9002330463946CE
:10813000F8F74EFCA0B139463046F8F7A5FC012807
:1081400038BF0120F8F74EF90F9B06460F46FBB9E2
:1081500001F1004314901593DDE91423CDE91023B8
:10816000119B03F1D6635B1B1193DDE90C01DDE983
:1081700010ABFFF703F902460B4650465946F8F795
:10818000ABF9DDE90C23F7F7F1FF82468B4675E783
:10819000CDE91467E0E70EA3D3E90023F8F70EFC5E
:1081A0009DE700230E93199B179A1360FFF779BA86
:1081B000652A3FF472AB452A3FF46FAB0123FFF70A
:1081C000AABB00BFAFF300800000C0FFFFFFDF418C
:1081D0009535A094FFFFCF3F014BFFF725BA00BFB5
:1081E00068000020242B2DE9F0478646904601D8F0
:1081F000012B06D1FDF7ACFD162303600020BDE87E
:10820000F0870D4633482A4615F8014B065D16F0F7
:108210000806F8D12D2C10D101262C78951C33F0AE
:10822000100215D1302C0DD12A7802F0DF02582A25
:1082300008D16C78023510230AE02B2C04BF2C786F
:10824000951CECE7002BF6D1302C14BF0A23082331
:10825000002206F1004C0CF1FF3CBCFBF3F9104688
:1082600003FB19CAA4F13007092F0FD83C46A342DB
:108270001BDD571C07D0814514D301D1A24511DB6A
:10828000012200FB034015F8014BEBE7A4F1410785
:10829000192F01D8373CEAE7A4F16107192F04D858
:1082A000573CE4E74FF0FF32EDE7531C08D122239F
:1082B0006046CEF80030B8F1000FA0D0691E06E08D
:1082C00006B14042B8F1000F99D0002AF6D1C8F8A3
:1082D000001094E751A20008FFF784BF2DE9F04792
:1082E0001F468E688246BE420C4690460B682DD8CB
:1082F000B1F90C2012F4906F26D06569096905EB7D
:108300004505A3EB010905EBD5757B1C4B446D10AE
:108310009D4238BF1D46530527D52946FEF736FC3A
:10832000064660B34A462169FDF74DFDA38923F453
:10833000906343F08003A38126614E4426603E464D
:108340006561A5EB0905A560BE4200D93E463246EF
:108350004146206800F04DFD0020A3689B1BA360F0
:10836000236833442360BDE8F0872A4601F001F911
:1083700006460028E0D150462169FEF795FB0C2304
:10838000CAF80030A3894FF0FF3043F04003A381C7
:10839000E9E700002DE9F04F98468B8907461B0658
:1083A0000D4614469DB010D50B6973B94021FEF7F8
:1083B000EDFB2860286130B90C233B604FF0FF30A3
:1083C0001DB0BDE8F08F40236B610023099320238B
:1083D0008DF8293030234FF00109CDF80C80DFF8FB
:1083E00098818DF82A3023469A4613F8012B0AB15A
:1083F000252AF9D1BAEB040B0BD05B46224629465D
:108400003846FFF76BFF013000F0A780099A5A4405
:1084100009929AF80030002B00F09F8000234FF063
:10842000FF32CDE905230AF1010A049307938DF881
:1084300053301A935446052214F8011B4E48FDF799
:10844000B4FC049AD8B9D00644BF20238DF8533029
:10845000110744BF2B238DF853309AF800302A2B94
:1084600015D0544600204FF00A0C079A214611F807
:10847000013B303B092B4BD9B0B1079214E0A0EB84
:10848000080309FA03F31343A2460493D2E7039BBC
:10849000191D1B680391002BBBBF5B4242F0020217
:1084A00007930793B8BF049223782E2B0AD16378E1
:1084B0002A2B32D1039B02341A1D1B68039243EA14
:1084C000E3730593DFF8B4A0032250462178FDF74B
:1084D0006CFC38B14022049BA0EB0A00824013439D
:1084E0000134049314F8011B062225488DF8281046
:1084F000FDF75BFC002836D0224B1BBB039B0733E8
:1085000023F0070308330393099B334409936AE775
:108510000C4601200CFB0232A8E700234FF00A0CA6
:10852000194601340593204610F8012B303A092AE8
:1085300003D9002BC6D00591C4E7044601230CFBE8
:108540000121F0E703AB00932A4638460E4B04A9FD
:10855000FCF790FC421C0646D6D1AB895B063FF582
:108560002DAF09982CE703AB00932A463846064BFB
:1085700004A9FCF71DFFEDE731A0000837A00008B3
:108580003BA00008754E0008DD82000838B54B1C82
:10859000144603D14FF0FF35284638BD9389CDB23C
:1085A00023F020039381636B52688BB1A36B9342DA
:1085B00008DD23685A1E226003F8015C63680133FA
:1085C0006360E9E7214600F0DCFB0028F1D0E1E739
:1085D0002169236851B1994208D213F8011CA942BC
:1085E00004D1013B013223606260D5E7C4E90F3258
:1085F00004F1440363630323A363234603F8465F44
:1086000023600123DCE710B50C46496B69B104F126
:108610004403994201D0FEF747FA0020236C6063BF
:10862000636013B1E36B236010BD23694FF0FF302B
:10863000236000236360A38943F02003A381F3E751
:108640002DE9F04F0C4600210646ADF5237DCDE91E
:108650004411AB490DF10408A091AA49AA4FCDF8E5
:108660001881A191009392F80090B9F1000F00F0E9
:10867000598117F80930551C13F0080319D06368A5
:10868000002B0FDD23681A78BA5C120701D42A4642
:10869000E9E7459A01330132459262682360013A65
:1086A0006260ECE721463046A19B98470028E9D05C
:1086B000EDE7B9F1250F40F086804193439353785D
:1086C0002A2B04BF1023951C4FF00A0208BF4193C8
:1086D000AA461AF8011BA1F13003092B1ED9DFF8B5
:1086E0002CB203225846FDF760FB38B101235546F2
:1086F000419AA0EB0B0083401343419315F8013BD3
:10870000782B06D8572B10D8252B5CD056D8002BA9
:1087100074D0032347930A23429387E0439B554633
:1087200002FB031130394391D2E7A3F15802202A0A
:10873000EFD801A151F822F00B8800081387000838
:10874000138700086588000813870008138700084E
:108750001387000813870008138700081387000891
:10876000138700087B88000861880008C387000819
:10877000C3870008C3870008138700081D88000806
:108780001387000813870008138700081387000861
:108790008B880008258800080388000813870008D4
:1087A000138700088788000813870008618800087D
:1087B00013870008138700080B880008453B022B2D
:1087C000A7D8052331E06368002B0DDD23681A78F4
:1087D0004A4540F0A780013362682360459B013A17
:1087E00001336260459352E721463046A19B98478A
:1087F0000028EBD04498002840F08C804FF0FF30E8
:108800008CE0419A42F020024192419A42F4007277
:10881000419210226E2B429202D905E0002342932E
:10882000032302E008234293042347936368002B49
:1088300039DD419B590604D423681A78BA5C1207C3
:1088400038D4479B022B47DC6B462246304641A971
:1088500000F06AF8012865D002287FF418AFC9E754
:108860000A22D7E72946404600F052FA419B0546C6
:1088700043F0400341930123D7E7419B43F040037A
:1088800041930023D1E70223CFE74198C3063FF588
:10889000FEAE009B459A191D00911B68C0074CBF96
:1088A0001A801A60F3E621463046A19B98470028BB
:1088B000BFD09FE7459A013245926268013A002A8B
:1088C000626002DD01332360B6E721463046A19B9A
:1088D00098470028B0D08DE7042B06DC6B46224673
:1088E000304641A900F07AF8B4E7094B002B3FF479
:1088F000CEAE6B462246304641A9FCF777FEA9E78B
:108900008D8500080786000851A2000837A00008DE
:10891000ED550008A3895B063FF570AF0DF5237D8B
:10892000BDE8F08F4498F9E72DE9F84315468A68C9
:1089300080460C4632B98A69002A14BF4FF0FF32D4
:1089400001228A6000272268DFF88C90D1065FBF81
:108950001A68111D19601668A06988B1012807D12D
:108960002B681A7863699B5C53B9002F31D022E0E1
:10897000022820D12B681B7819F803301B071AD462
:1089800023680137DA065EBF2B681B7806F8013BC7
:108990002A686B6801322A60A268013B013A6B6069
:1089A000A26042B1002BD7DC29464046D4F8803182
:1089B00098470028D0D0236813F0100305D1E2684F
:1089C0000132E260A26902B13370002023693B44A6
:1089D0002361BDE8F88300BF51A200082DE9F04FE4
:1089E0000C469846724B87B08246164693E80700BD
:1089F00003AB83E807006F4BA1696F4A2746032941
:108A000008BF1A46A36801925A1EB2F5AE7F81BF15
:108A10006FF4AE7503EB050940F25D13A36057F8E0
:108A20001C3B98BF4FF000093D464FF0000B43F44C
:108A300050632360316803AB0222097853F82B009E
:108A4000FDF7B3F928B3BBF1010F59D162682AB918
:108A500008212268616042F400722260226822F4D8
:108A6000A0622260A268511EA16092B13268511CBE
:108A70003160127805F8012B7268013A002A7260A1
:108A800007DC31465046D4F880219047002840F05A
:108A900085800BF1010BBBF1030FCBD163680BB9E0
:108AA0000A236360636845496069C91A00F030F9B8
:108AB0004FF0000BA3682268002B3DD0316860693D
:108AC00091F800C010F80C00002835D0BCF1300F30
:108AD00024D1100522D50BF1010BB9F1000F03D001
:108AE000013309F1FF39A3607368013B002B736008
:108AF0001BDD336801333360A368013BA360D9E712
:108B0000BBF1020FAED1226802F4C061B1F5007F63
:108B1000C4D1102142F480726160A2E722F4106295
:108B200022600B7805F8013BDEE731465046D4F869
:108B3000803198470028DFD02368D9050DD5BD4284
:108B400009D915F8011C32465046D4F87C3105F19C
:108B5000FF3998474D46BD4228D0226812F01002D6
:108B600013D12A70394663685046019EB047D8F841
:108B7000003021681A1DC8F8002011F0200F1B6872
:108B80000FD01860E3680133E36000202369ED1B18
:108B90005D442B44236107B0BDE8F08F4FF0000B1C
:108BA000CAE7CA074CBF18801860EBE70120F2E75C
:108BB000A89E0008D9820008AD96000852A00008BF
:108BC000B1F90C20F8B5160705460C4654D44B688D
:108BD000002B02DC0B6C002B48DDE66A002E45D032
:108BE000002312F480522F68216A2B6030D0626D0E
:108BF000A389590705D56368D21A636B0BB1236C3F
:108C0000D21A00232846E66A216AB047431CA3898A
:108C100006D129681D292BD8284ACA40D60727D54E
:108C2000002262602269D904226004D5421C01D16D
:108C30002B6803B96065616B2F60B9B104F144031F
:108C4000994202D02846FDF72FFF002363630DE011
:108C500001232846B0470246501CC9D12B68002B7F
:108C6000C6D01D2B01D0162B1DD12F60002021E076
:108C700043F040031BB21AE00F69002FF6D09307B0
:108C800018BF00230E6808BF4B69F61B0F608B608E
:108C9000002EEBDD33463A462846216AD4F828C038
:108CA000E047002807DCB4F90C3043F040034FF0F4
:108CB000FF30A381F8BD0744361AE9E701004020E0
:108CC00038B50B6905460C4613B90025284638BD52
:108CD00018B1036A0BB9FCF71FFFB4F90C30002B75
:108CE000F3D0626ED00704D4990502D4A06DFDF7CD
:108CF0005AF828462146FFF763FF636E0546DA07F8
:108D0000E4D4A3899B05E1D4A06DFDF74DF8DDE720
:108D100070B50B7804465E2B0BBF4B784A1C8A1C3F
:108D2000002108BF0121013804F1FF0500F8011FEF
:108D3000A842FBD10BB9501E70BD81F00101104655
:108D4000E154024612F8015B2D2D05D05D2D16D0A1
:108D5000002DF1D02B46F2E746785D2EFAD0B342D3
:108D6000F8DC1A46023001329642A154FBDCF21ABA
:108D7000013AB342A8BF00225D1CAB18E1E71046E0
:108D8000DAE72DE9F0410C46496B04F144039942BE
:108D90001BD14FF48061FDF7F9FE18B94FF0FF3099
:108DA000BDE8F0814FF48063A36394F846306063BC
:108DB00080F8FF3394F8453000F2FD30437094F8AA
:108DC0004430037020600020EAE7A66B77003A4643
:108DD00000F0CFFB05460028E0D000EB0608014676
:108DE00032464046FCF7EFFFC4E90D57C4F8008057
:108DF000E9E7884210B501EB020402D98442234618
:108E000007D8431EA14208D011F8012B03F8012F07
:108E1000F8E7014602448A4200D110BD13F8014D23
:108E200002F8014DF7E710B56AB10139841810F85E
:108E3000012B11F8013F9A4203D1A04201D0002A30
:108E4000F5D1D01A10BD1046FCE7000038B500235C
:108E5000054D044608462B60F9F7EAFB431C02D196
:108E60002B6803B1236038BDEC05002000200149C8
:108E7000704700BF0000F87F1FB514461A46094B23
:108E800005461B68D8684CB1074BCDE90134009109
:108E90002B46064900F01AFC00F02AFC044B1C4645
:108EA000F3E700BF1800002065A0000872A00008CA
:108EB000A0A0000870B5A1FB025434B92946FDF703
:108EC00065FE064628B9304670BD0C2200260260B9
:108ED000F9E72A462146FCF7E8FEF4E703692DE9A5
:108EE000F043B3EB611F00F114044FEA611246DD59
:108EF00011F01F0104EB830604EB82050CD1294617
:108F000000F11007B14235D39B1A9B00EA1E96422E
:108F100038BF0023234415E0A14654F82270C1F164
:108F20002008CF4005F1040E7645F44616D89A1A6B
:108F30009200043A0135AE4238BF0022A318A75070
:108F400007B10433A342A3EB040208BF00234FEA96
:108F5000A202026108BF4361BDE8F083DCF800C0F3
:108F60000CFA08FC4CEA070749F8047B5EF8047B1E
:108F7000CF40D9E751F804CB47F804CFC2E72346E6
:108F8000E0E7A0F13003092B02D82038C0B27047C7
:108F9000A0F16103052B01D84738F7E7A0F14103A1
:108FA000052B01D82738F1E7002070472DE9F04F55
:108FB0008A46904685B002930B6801909C1CA1469E
:108FC00014F8010B3028FAD0A9EB0303A3F1020B2C
:108FD000FFF7D7FF0546002868D1012248469F4980
:108FE000FFF721FF0746002867D199F801002646C0
:108FF000FFF7C7FF002862D023461878994630282B
:1090000003F10103F9D0FFF7BCFFB0FA80F54FF090
:10901000010B6D094A46164630780132FFF7B1FF61
:109020000028F8D1012230468C49FFF7FCFE0028C9
:109030003FD144B9741C2246164630780132FFF7FE
:10904000A0FF0028F8D1A41BA700337803F0DF03AA
:10905000502B3ED173782B2B33D02D2B34D00024C2
:10906000711C0878FFF78DFF431EDBB2182B30D838
:10907000A0F1100211F8010FFFF783FF00F1FF3C90
:109080005FFA8CFCBCF1180F4FF00A031ED904B133
:1090900052421744CAF80010EDB1BBF1000F0CBFEB
:1090A00006250025284605B0BDE8F08F00252C4692
:1090B000B0E7002CC7D12746C7E74E462F4601250B
:1090C000C3E70024B11CCCE70124FBE703FB02004B
:1090D000CEE73146DEE72946A6EB0903013B072B25
:1090E0000ADC0198FDF7DEFD044640B90246E421A2
:1090F0005B4B5C48FFF7C0FE01315B10EFE70023DC
:1091000000F1140A55469B46B14537D345F804BBD8
:10911000A5EB0A05AD1025615846FDF7B5FE6D01BA
:10912000D8F800602D1AB54254DDAD1B2946204603
:10913000FEF737FA814678B14FF001096B1E5911DD
:109140005AF8211003F01F0209FA02F20A4203D072
:109150004B4536DC4FF0020929462046FFF7BEFE9C
:109160002F44D8F80830BB4242DA21460198FDF777
:10917000D9FD00230E9AA325136093E716F8012D5D
:109180002E2A12D0202B04D145F804BB4FF0000B3F
:109190005B4630780393FFF7F4FE039B00F00F006B
:1091A00098404BEA000B0433AEE7B145EAD8012200
:1091B00030462A490393FFF736FE039B0028E1D18E
:1091C000A2E72046A91EFEF7ECF90028C2D04FF016
:1091D0000309C1E709DA751B21462A460198FDF704
:1091E000B1FF04467F1B00F1140A4FF00009B8E7F5
:1091F000D8F80450BD426FDDED1BAE4234DCD8F828
:109200000C30022B22D0032B24D0012B15D1AE42DF
:1092100013D1012E0BD1D8F80430029A62251360C5
:1092200001232361CAF800300E9B1C603AE72046F8
:10923000711EFEF7B6F90028EDD121460198FDF721
:1092400071FD00230E9A502513602BE70F9B002B16
:10925000F3D1E0E70F9B002BDDD1EEE72FA0000854
:10926000C59F0008A1A000086F1EB9F1000F30D102
:1092700027B139462046FEF794F981460123294655
:10928000761B02257A115AF8222007F01F07BB40EF
:109290001342204618BF49F00209FFF71FFED8F815
:1092A0000470B9F1000F47D0D8F80C30022B15D05C
:1092B000032B17D0012B09D119F0020F06D0DAF8D1
:1092C000003049EA030919F0010F0ED145F01005ED
:1092D00032E04FF00109D1E70125E2E70F9BC3F12E
:1092E00001030F930F9B002BF0D04FF0000CD4F82C
:1092F00010B004F114034FEA8B0A03EB8B011846FC
:1093000053F8042BB2F1FF3F1BD001320260022D53
:1093100004F114033CD1D8F80020013AB24209D13B
:109320000122711153F8213006F01F0602FA06F6E9
:109330001E423AD145F020050E9B1C60029B1F6027
:10934000B0E6994243F804CCD9D8A3689B4517DB13
:10935000616801980131FDF7A5FC814618B9024604
:109360008421194BC5E6226904F10C0102329200F6
:109370000C30FCF728FD21460198FDF7D3FC4C4644
:1093800023695A1C2261012204EB83035A61BEE760
:1093900022695A450BDD01212046FFF79FFDD8F8D1
:1093A00008300137BB42FFF6E0AE0125C2E716F0F8
:1093B0001F06FAD0534453F8040CFDF765FDC6F1BF
:1093C0002006B042E7DBF0E7C59F0008C2F10802C3
:1093D000920070B5C2F120064368046803FA06F5EE
:1093E0002C43D340046040F8043F8842F4D370BD5E
:1093F00030B50368013311F8014B14B90360012043
:1094000030BD13F8012BA2F14105192D98BF203270
:10941000A242F0D00020F3E72DE9F04F00250B68C1
:1094200082465E1102EB860613F01F0318BF043656
:10943000371F9046B9463C46AB4687B0016801935A
:1094400046F8045C02954A784B1C039342B31046DD
:1094500005910492FFF795FD002851D1049A0599D2
:10946000202A18D8029B9B4513DD4C4506D2072DB8
:1094700004DC2A4649462046FFF7A8FF444552D956
:109480000023A4F1040944F8043C1D464C46CDF8E1
:1094900008B00399D7E7292A57D10231CAF800103A
:1094A000BBF1000F51D04C4506D2072D04DC2A46F3
:1094B00049462046FFF78AFF444536D92346A8F19E
:1094C000040253F8041B9F4242F8041FF9D23B1BCD
:1094D00023F0030304330134033EB44288BF042362
:1094E0000022434443F8042B9F42FBD23B681BB944
:1094F000474528D101233B60052007B0BDE8F08F28
:109500000135082D0BF1010B06DD4445C1D90023BF
:10951000012544F8043C043C226800F00F0040EAB6
:1095200002102060B5E70825B3E7019B002BDDD0D2
:109530004FF0FF32C3F12003DA4056F8043C1340E9
:1095400046F8043CD2E7043FD0E70420D5E782B0D8
:1095500001B901A942B14BB113780B601278101E0A
:1095600018BF012002B070471046FBE76FF0010002
:10957000F8E72DE9F041074614460D4621B911469A
:10958000BDE8F041FDF702BB2AB9FDF78DFA25468B
:109590002846BDE8F08100F0B2F88442064602D8C1
:1095A000B4EB500FF4D821463846FDF7EFFA804669
:1095B00008B94546ECE7B4422246294628BF324660
:1095C000FCF701FC29463846FDF76EFAF1E700008A
:1095D0002DE9F04386460D46334E284615F8014BDB
:1095E000375D17F00807F8D12D2C10D101272C7802
:1095F000851C33F0100015D1302C0DD1287800F0E7
:10960000DF00582808D16C78023510230AE02B2C93
:1096100004BF2C78851CECE7002BF6D1302C14BF4E
:109620000A2308234FF0FF38B8FBF3F8002603FBAA
:1096300008F930466FEA0909A4F1300CBCF1090FB2
:1096400010D86446A3421EDDB6F1FF3F07D0804527
:1096500016D301D1A14513DB012600FB034015F809
:10966000014BE9E7A4F1410CBCF1190F01D8373CDB
:10967000E8E7A4F1610CBCF1190F04D8573CE1E70D
:109680004FF0FF36EBE7731C06D122233046CEF8AD
:10969000003032B9BDE8F08307B14042002AF9D06A
:1096A00006B1691E1160F5E751A20008FFF790BFEF
:1096B0000346084641B1FF2A04D98A224FF0FF3001
:1096C0001A60704701200A70704700000EB403B59D
:1096D000014603AB054853F8042B0068019300F0E2
:1096E0003DF802B05DF804EB03B0704718000020AD
:1096F000062008B500F006FA0120F8F724FF51F81B
:10970000043C181F002BBCBF0B58C018704793684F
:1097100010B4013B002B936007DA9469A34201DB8C
:109720000A2902D110BC00F031B91368581C10602E
:109730001970084610BC7047F8B506460F46144627
:10974000D518AC4201D1002007E03A46304614F863
:10975000011BFFF7DCFF431CF3D1F8BD2DE9F04FEF
:109760000D461446984606469DB018B1036A0BB9DB
:10977000FCF7D2F96B6ED90705D4AB899A0502D4F0
:10978000A86DFCF710FBAB891B0701D52B699BB9B2
:109790002946304600F038F970B16B6EDC0704D50D
:1097A0004FF0FF301DB0BDE8F08FAB899805F7D4BE
:1097B000A86DFCF7F9FAF3E70023099320238DF84D
:1097C000293030234FF00109CDF80C80DFF8A88153
:1097D0008DF82A3023469A4613F8012B0AB1252A20
:1097E000F9D1BAEB040B0BD05B4622462946304632
:1097F000FFF7A2FF013000F0A780099A5A440992AE
:109800009AF80030002B00F09F8000234FF0FF32C9
:10981000CDE905230AF1010A049307938DF853302B
:109820001A935446052214F8011B5348FCF7BDFA5D
:10983000049AD8B9D10644BF20238DF853301307BA
:1098400044BF2B238DF853309AF800302A2B15D0C3
:10985000544600204FF00A0C079A214611F8013BAC
:10986000303B092B4BD9B0B1079214E0A0EB0803B1
:1098700009FA03F31343A2460493D2E7039B191D8D
:109880001B680391002BBBBF5B4242F002020793AF
:109890000793B8BF049223782E2B0AD163782A2B22
:1098A00032D1039B02341A1D1B68039243EAE3730F
:1098B0000593DFF8C8A0032250462178FCF775FA1B
:1098C00038B14022049BA0EB0A00824013430134CC
:1098D000049314F8011B062229488DF82810FCF780
:1098E00064FA00283FD0274B1BBB039B073323F0B0
:1098F000070308330393099B3B4409936AE70C462B
:1099000001200CFB0232A8E700234FF00A0C194695
:1099100001340593204610F8012B303A092A03D967
:10992000002BC6D00591C4E7044601230CFB01219E
:10993000F0E703AB00932A463046134B04A9FBF72C
:1099400099FA0746781CD6D16B6ED90705D4AB8936
:109950009A0502D4A86DFCF727FAAB895B063FF5A0
:109960001FAF09981EE703AB00932A463046064B0B
:1099700004A9FBF71DFDE4E731A0000837A00008AB
:109980003BA00008754E000839970008F8B50E4650
:109990001446054618B1036A0BB9FCF7BDF8A36974
:1099A000A360A3891A0701D5236943B92146284634
:1099B00000F02AF818B14FF0FF373846F8BD236899
:1099C0002269F6B2981A63693746834205DC21465C
:1099D0002846FFF775F90028EDD1A368013BA36085
:1099E00023685A1C22601E706269431C9A4204D08C
:1099F000A389DB07E1D50A2EDFD121462846FFF7F0
:109A00005FF90028D9D0D6E738B5294B0546186844
:109A10000C4618B1036A0BB9FCF77EF8B4F90C30A8
:109A2000190722D4DA0607D409222A6043F040033A
:109A30004FF0FF30A38133E0580712D5616B41B17D
:109A400004F14403994202D02846FDF72DF8002383
:109A50006363A38923F02403A38100236360236944
:109A60002360A38943F00803A38123694BB9A38929
:109A700003F42073B3F5007F03D02146284600F09D
:109A800082F8B4F90C3013F001020AD00022A2606F
:109A900062695242A261226942B913F08000C5D1C5
:109AA00038BD990758BF6269A260F4E70020F7E764
:109AB000180000201F2938B505460C4604D9162386
:109AC00003604FF0FF3038BDC26B12B152F8213045
:109AD0004BB9284600F030F8224601462846BDE83A
:109AE000384000F017B8012B0AD0591C03D11623B7
:109AF00003600120E7E70021204642F82410984740
:109B00000020E0E7024B01461868FFF7D3BF00BF13
:109B10001800002038B50023064D044608461146BB
:109B20002B60F8F700FD431C02D12B6803B12360C2
:109B300038BD00BFEC050020F8F7EEBC70B50C4650
:109B4000B1F90E10154600291E4696B00CDAA3890D
:109B5000002113F0800F14BF40234FF480630020D6
:109B600031602B6016B070BD6A4600F049F80028DD
:109B7000EDDB019901F47041A1F5005359425941BF
:109B80004FF48063EBE78B89F7B59D0706460C46DB
:109B900007D504F14703236023610123636103B008
:109BA000F0BD6A4601ABFFF7C9FF009F0546394685
:109BB0003046FCF7EBFF48B9B4F90C309A05EED407
:109BC00023F0030343F00203A381E2E7A389C4E97E
:109BD000040743F08003A381019B20605BB1304602
:109BE000B4F90E1000F01EF828B1A38923F0030386
:109BF00043F00103A381A3891D43A581CFE70000A2
:109C000038B50023064D0446084611462B60F8F788
:109C1000E9FC431C02D12B6803B1236038BD00BFAF
:109C2000EC05002038B50023054D044608462B609E
:109C3000F8F7E7FC431C02D12B6803B1236038BD61
:109C4000EC050020F8B506460F4600F01FF8324636
:109C500004460D463B4630463946F6F7D7FE90B9E6
:109C60000022002330463946F6F7A8FE58B1FCF72B
:109C70006FF8212300220360002310461946F6F7EF
:109C800055FD04460D4620462946F8BD654A2DE996
:109C9000F84F8A4306460F460B4604460ED102464D
:109CA000F6F71AFC02460B4630463946F6F75EFADE
:109CB00006460F4630463946BDE8F88F00290CDCD1
:109CC00021F000420243F5D089B10246F6F74CFA82
:109CD00002460B46F6F72AFDEAE70A1515D10021E0
:109CE00009E0E30A153A6405002BFAD0F7E70A46C3
:109CF000FAE75B000131D802FBD5481E121AC1F108
:109D0000200024FA00F003438C400027A2F2FF3821
:109D10001621D2074FF400103A46C3F3130343F45D
:109D200080135CBF5B0003EBD4734FEA430358BF5F
:109D3000640003EBD4734FEA6808640015189D4271
:109D4000DEBF2A185B1B3F18E50F013905EB430303
:109D50004FEA44044FEA5000F0D10D4620264FF060
:109D60000040934200EB010C02DC13D1A44511D852
:109D7000BCF1000F0CEB00013EDA00293CDB02F1E4
:109D8000010E9B1A7246A44588BF03F1FF33A4EB72
:109D90000C0405444FEAD47C013E0CEB43034FEA2C
:109DA00044044FEA5000DCD11C431AD01E4CDFF8AB
:109DB0007C90D4E90001D9E90023F6F7D5F9D4E97C
:109DC00000AB02460B4650465946F6F701FE40B13D
:109DD000D4E90001D9E90023B5F1FF3F0ED13546A2
:109DE00001377B1003F17F5303F5001303EB085198
:109DF0006B0843EAC7705BE79646C2E7F6F7B6F929
:109E0000D4E900AB02460B4650465946F6F7D6FD5C
:109E100020B1AB1C08BF01370235E2E76B1C23F011
:109E20000105DEE70000F07F60A3000858A30008EA
:109E3000F8B500BFF8BC08BC9E467047F8B500BF37
:089E4000F8BC08BC9E46704707
:109E480053797374656D20537461727465640D0A77
:109E58000000000049443A25642C563A25642C49F0
:109E68003A25642E253032642C503A25642E256418
:109E78002C453A25642E2530346400005B54585D27
:109E88002025730D0A0000005B525820434D445DA5
:109E98002025730D0A0000005225643A256400004D
:109EA80054A0000857A000085AA00008FFFCF9F6C3
:109EB800060708090A0B0C0000010203040506073F
:109EC800080900000102030401000000000000006E
:109ED8000000000001020304060708090000000052
:109EE8000102030402030405060708090A0B0C0D06
:109EF8000E0F1010010200000203040506070809EE
:109F08000A0B0C0D0E0F10100102494E4600696E27
:109F180066004E414E006E616E003031323334358A
:109F280036373839414243444546003031323334BC
:109F380035363738396162636465660065256C6457
:109F480000496E66696E697479004E614E0052452B
:109F5800454E54206D616C6C6F6320737563636547
:109F680065646564002F6275696C642F676E752D72
:109F7800746F6F6C732D666F722D73746D33325FEF
:109F880031332E332E72656C312E32303235303506
:109F980032332D303930302F7372632F6E65776C02
:109FA80069622F6E65776C69622F6C6962632F73C3
:109FB80074646C69622F64746F612E630042616C13
:109FC8006C6F6320737563636565646564002F62F5
:109FD80075696C642F676E752D746F6F6C732D6661
:109FE8006F722D73746D33325F31332E332E726579
:109FF8006C312E32303235303532332D3039303005
:10A008002F7372632F6E65776C69622F6E65776C3C
:10A0180069622F6C6962632F7374646C69622F6D57
:10A02800707265632E63002E00232D302B2000688C
:10A038006C4C0065666745464700412D46612D66B4
:10A04800383930313233343536375D002B2D003016
:10A0580030007858004300504F534958002C206670
:10A06800756E6374696F6E3A2000617373657274FC
:10A07800696F6E2022257322206661696C65643AD7
:10A088002066696C6520222573222C206C696E6518
:10A09800202564257325730A002F6275696C642F67
:10A0A800676E752D746F6F6C732D666F722D737478
:10A0B8006D33325F31332E332E72656C312E323070
:10A0C8003235303532332D303930302F7372632FBB
:10A0D8006E65776C69622F6E65776C69622F6C6943
:10A0E80062632F7374646C69622F6764746F612D87
:10A0F8006765746865782E6300000000050000003D
:10A10800190000007D0000000080E03779C341435A
:10A11800176E05B5B5B89346F5F93FE9034F384DC5
:10A12800321D30F94877825A3CBF737FDD4F157571
:10A13800000000000000F03F000000000000244084
:10A1480000000000000059400000000000408F405F
:10A15800000000000088C34000000000006AF840CA
:10A168000000000080842E4100000000D0126341EE
:10A178000000000084D797410000000065CDCD4164
:10A18800000000205FA00242000000E87648374245
:10A19800000000A2941A6D42000040E59C30A242E3
:10A1A8000000901EC4BCD64200003426F56B0C4358
:10A1B8000080E03779C3414300A0D88557347643FF
:10A1C80000C84E676DC1AB43003D9160E458E14360
:10A1D800408CB5781DAF154450EFE2D6E41A4B44D5
:10A1E80092D54D06CFF08044F64AE1C7022DB5441A
:10A1F800B49DD9794378EA4434000000CEFBFFFFD0
:10A20800CB03000001000000000000003500000042
:10A21800CEFBFFFFCB0300000100000000000000A0
:10A22800BC89D897B2D29C3C33A7A8D523F6493924
:10A238003DA7F444FD0FA5329D978CCF08BA5B2546
:10A24800436FAC64280668110020202020202020BD
:10A2580020202828282828202020202020202020CE
:10A2680020202020202020202088101010101010DE
:10A27800101010101010101010040404040404042A
:10A2880004040410101010101010414141414141C4
:10A2980001010101010101010101010101010101A6
:10A2A80001010101101010101010424242424242B6
:10A2B8000202020202020202020202020202020276
:10A2C800020202021010101020000000000000001E
:10A2D8000000000000000000000000000000000076
:10A2E8000000000000000000000000000000000066
:10A2F8000000000000000000000000000000000056
:10A308000000000000000000000000000000000045
:10A318000000000000000000000000000000000035
:10A328000000000000000000000000000000000025
:10A338000000000000000000000000000000000015
:10A348000000000000000000000000000000000005
:10A3580059F3F8C21F6EA501000000000000F03F8D
:08A36800E85DFF7F0100000029
:04A3700035010008AB
:04A3740011010008CB
:10A3780000127A0010000000010000000000000038
:10A3880003000000B00400201C00002000000000B2
:10A39800B0040020180500208005002000000000FF
:10A3A80000000000000000000000000000000000A5
:10A3B8000000000000000000000000000000000095
:10A3C8000000000000000000000000000000000085
:10A3D8000000000000000000430000000000000032
:10A3E8000000000000000000000000000000000065
:10A3F8000000000000000000430000000000000012
:10A408000000000000000000000000000000000044
:10A4180000000000000000004300000000000000F1
:10A428000000000000000000000000000000000024
:10A4380000000000000000004300000000000000D1
:10A448000000000000000000000000000000000004
:10A4580000000000000000004300000000000000B1
:10A4680000000000000000000000000000000000E4
:10A478000000000000000000430000000000000091
:10A4880000000000000000000000000000000000C4
:10A498000000000000000000430000000000000071
:10A4A80000000000000000000000000000000000A4
:10A4B8000000000000000000B19600084F95000859
:10A4C8000000000050A200082FA00008A0A000086B
:10A4D800A0A00008A0A00008A0A00008A0A0000854
:10A4E800A0A00008A0A00008A0A00008A0A0000844
:10A4F800FFFFFFFFFFFFFFFFFFFFFFFFFFFF000062
:10A5080001004153434949000000000000000000D9
:10A518000000000000000000000000000000000033
:10A5280000004153434949000000000000000000BA
:10A538000000000000000000000000000000000013
:04A54800000000000F
:04000005080026A920
:00000001FF
